x0,y0,z0,x1,y1,z1,x2,y2,z2,x3,y3,z3,x4,y4,z4,x5,y5,z5,x6,y6,z6,x7,y7,z7,x8,y8,z8,x9,y9,z9,x10,y10,z10,x11,y11,z11,x12,y12,z12,x13,y13,z13,x14,y14,z14,x15,y15,z15,x16,y16,z16,x17,y17,z17,x18,y18,z18,x19,y19,z19,x20,y20,z20,label
0.665806233882904,0.8603382110595703,-1.7842269528500765e-07,0.6115366816520691,0.810276448726654,-0.01412894669920206,0.5788058042526245,0.7245264649391174,-0.021320810541510582,0.5680540800094604,0.6490336656570435,-0.030757635831832886,0.563400149345398,0.576176643371582,-0.03966125473380089,0.5888103246688843,0.6036670207977295,0.0018293174216523767,0.5639597177505493,0.5050110816955566,-0.017194800078868866,0.5443334579467773,0.4416378140449524,-0.03574652969837189,0.5267975330352783,0.38693246245384216,-0.04962145537137985,0.6087285280227661,0.5896473526954651,-0.005674068816006184,0.5801953673362732,0.48261281847953796,-0.023544514551758766,0.5570240616798401,0.4122503399848938,-0.04059640318155289,0.535838782787323,0.35167843103408813,-0.053058769553899765,0.6302852630615234,0.5914202332496643,-0.017447883263230324,0.604695737361908,0.48376888036727905,-0.0360269658267498,0.5828865170478821,0.4159323573112488,-0.04856693372130394,0.5620893239974976,0.35951173305511475,-0.056309498846530914,0.6562815308570862,0.6084076166152954,-0.0314900279045105,0.6358742117881775,0.5173882246017456,-0.04864706099033356,0.6163656711578369,0.45906680822372437,-0.056832414120435715,0.5971950888633728,0.4096723198890686,-0.06176447123289108,hello
0.6223722100257874,0.6846180558204651,-1.009904337934131e-07,0.5658090114593506,0.6504800319671631,-0.009056233800947666,0.5321693420410156,0.5565197467803955,-0.008848917670547962,0.5221967697143555,0.4766227900981903,-0.010836622677743435,0.509039044380188,0.40542927384376526,-0.012390781193971634,0.5357897281646729,0.4478701651096344,0.01176387071609497,0.5127969980239868,0.3578149080276489,-8.648750736028887e-06,0.49518853425979614,0.30245959758758545,-0.013341516256332397,0.4789005517959595,0.2522352933883667,-0.024150876328349113,0.5529677271842957,0.43163034319877625,0.004357354249805212,0.5260714888572693,0.3287912905216217,-0.007231398951262236,0.5049706697463989,0.2619059383869171,-0.021634452044963837,0.48709213733673096,0.1999325454235077,-0.032477542757987976,0.5729779005050659,0.43270695209503174,-0.006994555238634348,0.5510271191596985,0.32646360993385315,-0.021016156300902367,0.5329846739768982,0.2607990503311157,-0.03421681746840477,0.5163480639457703,0.20227432250976562,-0.04310797527432442,0.5976979732513428,0.44690167903900146,-0.020085731521248817,0.5771800875663757,0.3614116907119751,-0.03502366691827774,0.5593048334121704,0.3063850402832031,-0.04447811841964722,0.5423108339309692,0.2578730583190918,-0.050871264189481735,hello
0.6092956066131592,0.640733003616333,-8.622997427210066e-08,0.5539090037345886,0.6150592565536499,-0.010161462239921093,0.5176070332527161,0.5329809784889221,-0.0108775170519948,0.5034624338150024,0.4540754556655884,-0.013270380906760693,0.4920163154602051,0.38376256823539734,-0.014250013045966625,0.5169376134872437,0.433137446641922,0.013986606150865555,0.4947984218597412,0.34647509455680847,0.0034323600120842457,0.4754121005535126,0.2967371642589569,-0.008891589939594269,0.45685654878616333,0.25265222787857056,-0.018712986260652542,0.5329492092132568,0.4125482738018036,0.008854301646351814,0.5059176683425903,0.3149678409099579,-0.000318068137858063,0.48430317640304565,0.25399190187454224,-0.012162517756223679,0.4654761254787445,0.19727738201618195,-0.02134733460843563,0.5523252487182617,0.40707701444625854,-0.0004594201745931059,0.5284485816955566,0.30729585886001587,-0.011647878214716911,0.5094993710517883,0.24698583781719208,-0.02205657586455345,0.49257534742355347,0.19419637322425842,-0.02930391952395439,0.5782330632209778,0.4120006263256073,-0.011710768565535545,0.5538539290428162,0.33519449830055237,-0.02356177382171154,0.5342037677764893,0.28599876165390015,-0.030874835327267647,0.5165109634399414,0.24199169874191284,-0.03593822941184044,hello
0.5972514748573303,0.6214277744293213,-8.977409748922582e-08,0.5423028469085693,0.6008513569831848,-0.009362554177641869,0.5045446753501892,0.5252121686935425,-0.00955130159854889,0.4904526174068451,0.44763001799583435,-0.011895028874278069,0.4801657199859619,0.37811151146888733,-0.012875429354608059,0.5020202994346619,0.4247322976589203,0.018928498029708862,0.4788924753665924,0.34918180108070374,0.009921522811055183,0.4591107666492462,0.306042343378067,-0.002474798820912838,0.4398622512817383,0.26632216572761536,-0.012639880180358887,0.5173068046569824,0.40021568536758423,0.013843024149537086,0.4880787432193756,0.3143879771232605,0.0064144921489059925,0.46395137906074524,0.25900596380233765,-0.005480696447193623,0.44220370054244995,0.20797695219516754,-0.015044091269373894,0.5357537865638733,0.3899506628513336,0.004338985309004784,0.5096228122711182,0.30062976479530334,-0.005216826684772968,0.48820629715919495,0.24571239948272705,-0.015491155907511711,0.4681771695613861,0.19822359085083008,-0.022933371365070343,0.56062251329422,0.3886031210422516,-0.007201476022601128,0.5345656871795654,0.3194672167301178,-0.016811514273285866,0.5130301117897034,0.2755403518676758,-0.022959092631936073,0.49294209480285645,0.23695527017116547,-0.027501797303557396,hello
0.5916782021522522,0.61236172914505,-9.350062413204796e-08,0.5350738167762756,0.5952609181404114,-0.006422702223062515,0.49640804529190063,0.5262918472290039,-0.0050992779433727264,0.4808941185474396,0.4523630738258362,-0.006896986160427332,0.4691292643547058,0.38465458154678345,-0.0074447025544941425,0.4909036159515381,0.43020179867744446,0.02554873190820217,0.46558353304862976,0.3619472086429596,0.0194644033908844,0.44538405537605286,0.31982532143592834,0.008429436013102531,0.4272618591785431,0.2800900936126709,-0.00145049043931067,0.5045238137245178,0.40308815240859985,0.019234806299209595,0.47292107343673706,0.3228907287120819,0.01400071568787098,0.44780123233795166,0.2713432312011719,0.0028409245423972607,0.425730437040329,0.2252449095249176,-0.006696722470223904,0.522208571434021,0.3880127966403961,0.00854555144906044,0.49359676241874695,0.3009048402309418,0.0005124235758557916,0.4714171588420868,0.24987369775772095,-0.008823839947581291,0.45191895961761475,0.20887142419815063,-0.015970977023243904,0.5474662184715271,0.3796302080154419,-0.004110839683562517,0.5185639262199402,0.3154391646385193,-0.012100313790142536,0.4969061613082886,0.27417582273483276,-0.01721167378127575,0.4777011573314667,0.23866134881973267,-0.021431131288409233,hello
0.5855557918548584,0.6092768907546997,-9.234006626002156e-08,0.5297969579696655,0.596550703048706,-0.005254271440207958,0.49101388454437256,0.5299311876296997,-0.0028810137882828712,0.47521644830703735,0.4563800096511841,-0.003752439981326461,0.46335119009017944,0.3922838568687439,-0.0035561290569603443,0.48494642972946167,0.4371301233768463,0.026263372972607613,0.4606451094150543,0.37074825167655945,0.02269257791340351,0.44083642959594727,0.32939857244491577,0.013663249090313911,0.42297816276550293,0.2893558740615845,0.004901502281427383,0.49764084815979004,0.40960294008255005,0.019866228103637695,0.4678399860858917,0.3302155137062073,0.017079906538128853,0.4421146512031555,0.280277281999588,0.007677278481423855,0.4191821813583374,0.23614560067653656,-0.0008062654524110258,0.51456218957901,0.3939414322376251,0.009391154162585735,0.48592808842658997,0.3121592104434967,0.003731515258550644,0.4625725746154785,0.2647099792957306,-0.004745634272694588,0.4416816234588623,0.2272137552499771,-0.011726650409400463,0.5388593077659607,0.3839397132396698,-0.0030116571579128504,0.5076972246170044,0.3227578401565552,-0.009260330349206924,0.48522454500198364,0.2849809229373932,-0.013767015188932419,0.4658072888851166,0.25309914350509644,-0.017789455130696297,hello
0.5844348669052124,0.6015957593917847,-7.978425742294348e-08,0.5298600792884827,0.596875786781311,-0.005411098711192608,0.4901527166366577,0.5277506709098816,-0.0020643076859414577,0.4742126762866974,0.4524531662464142,-0.0014776043826714158,0.46198171377182007,0.38873055577278137,0.00021580203610938042,0.4854736328125,0.436535507440567,0.02458939328789711,0.4601295590400696,0.37020036578178406,0.021047327667474747,0.4391906261444092,0.3283059597015381,0.012713005766272545,0.420259565114975,0.28864991664886475,0.004404113162308931,0.4974106550216675,0.40861520171165466,0.01856560818850994,0.46579211950302124,0.3327587842941284,0.015078763477504253,0.4398893117904663,0.2825397253036499,0.0059472061693668365,0.41748541593551636,0.2378596067428589,-0.001974373124539852,0.513546347618103,0.39312320947647095,0.008525040000677109,0.4838077127933502,0.3138258159160614,0.001435355981811881,0.46117737889289856,0.2658669352531433,-0.00739126093685627,0.44154810905456543,0.22622744739055634,-0.01406789105385542,0.5380544066429138,0.38315072655677795,-0.003269747830927372,0.5073196291923523,0.3215431272983551,-0.01126653142273426,0.48522308468818665,0.28347551822662354,-0.016611330211162567,0.46639591455459595,0.24925363063812256,-0.020868122577667236,hello
0.5821077823638916,0.5977980494499207,-6.235033112034216e-08,0.5297521948814392,0.5942361950874329,-0.006445442792028189,0.49036043882369995,0.527702271938324,-0.0037100708577781916,0.4736839830875397,0.45379018783569336,-0.0033857577946037054,0.4608972370624542,0.39211949706077576,-0.0020239234436303377,0.48562371730804443,0.4383960962295532,0.0217602401971817,0.46013641357421875,0.3716343641281128,0.017903588712215424,0.4391147494316101,0.32867565751075745,0.009812239557504654,0.4205557107925415,0.28807711601257324,0.0016941099893301725,0.49702394008636475,0.4113161563873291,0.016487227752804756,0.4654999375343323,0.3358219563961029,0.012113231234252453,0.4401435852050781,0.2856549918651581,0.0027809219900518656,0.41838061809539795,0.24084870517253876,-0.005050314124673605,0.5131296515464783,0.3955881595611572,0.007369163911789656,0.4831482768058777,0.31718260049819946,-0.0004500836948864162,0.46077296137809753,0.269115149974823,-0.00960694719105959,0.4413714110851288,0.22920888662338257,-0.016226662322878838,0.5378656387329102,0.38476917147636414,-0.003461039625108242,0.5066138505935669,0.3237331509590149,-0.012025161646306515,0.48462873697280884,0.2856258451938629,-0.017787424847483635,0.46603095531463623,0.2514694631099701,-0.0221478883177042,hello
0.5836355090141296,0.5981719493865967,-7.347982489136484e-08,0.5313190221786499,0.5958684086799622,-0.00595692778006196,0.49145516753196716,0.528971254825592,-0.0031291008926928043,0.47452306747436523,0.4553229510784149,-0.002850042888894677,0.4608551263809204,0.3932299315929413,-0.0015699290670454502,0.4866368770599365,0.43938884139060974,0.02187921851873398,0.46016260981559753,0.37360793352127075,0.017986198887228966,0.4386342763900757,0.3309875428676605,0.010019272565841675,0.4199976921081543,0.29067081212997437,0.0019803924951702356,0.4980049729347229,0.41117262840270996,0.016012880951166153,0.4652736186981201,0.335252046585083,0.011866776272654533,0.43954089283943176,0.2843123972415924,0.0030529166106134653,0.41781505942344666,0.23912791907787323,-0.004463437478989363,0.5140781402587891,0.3950207233428955,0.006274015177041292,0.4828462600708008,0.31651270389556885,-0.0015471079386770725,0.4602617025375366,0.2678963541984558,-0.010396218858659267,0.4407886564731598,0.22778202593326569,-0.016867099329829216,0.5385382771492004,0.38465961813926697,-0.00517544848844409,0.5069705843925476,0.3243228495121002,-0.013969390653073788,0.48486414551734924,0.28587305545806885,-0.019812317565083504,0.4659801125526428,0.25109606981277466,-0.024282068014144897,hello
0.5839823484420776,0.6028116941452026,-1.2196954912724323e-07,0.5316917300224304,0.5978097915649414,-0.005466360133141279,0.4924243092536926,0.5304836630821228,-0.002326544374227524,0.4764038920402527,0.4569298028945923,-0.0018926304765045643,0.4620460867881775,0.39692386984825134,-0.0006134958821348846,0.48795872926712036,0.43841367959976196,0.02169838361442089,0.4608466625213623,0.37386471033096313,0.017178848385810852,0.43946629762649536,0.3320744037628174,0.00856094527989626,0.421180784702301,0.29189637303352356,0.00010609224409563467,0.49989908933639526,0.4102281928062439,0.015597522258758545,0.46658188104629517,0.33405160903930664,0.010902581736445427,0.4413895606994629,0.28393083810806274,0.0016902375500649214,0.41997259855270386,0.2383391410112381,-0.0061212703585624695,0.5166853070259094,0.39439889788627625,0.005742628592997789,0.48468831181526184,0.3158608078956604,-0.002585288370028138,0.46241867542266846,0.26742616295814514,-0.011561756953597069,0.44294899702072144,0.22597946226596832,-0.018130170181393623,0.5413224697113037,0.38480979204177856,-0.00576909352093935,0.5096302032470703,0.3251486122608185,-0.014899102970957756,0.48816290497779846,0.2876652479171753,-0.020629003643989563,0.4699077010154724,0.25335365533828735,-0.02498510852456093,hello
0.5927639603614807,0.6133028268814087,-1.659758623873131e-07,0.536404013633728,0.5962318778038025,-0.007544189691543579,0.4971453547477722,0.5269529223442078,-0.005151807330548763,0.4812633693218231,0.4483225345611572,-0.005731270648539066,0.470064640045166,0.3826643228530884,-0.005178194958716631,0.4952598512172699,0.4251193106174469,0.026537343859672546,0.4706079661846161,0.3578656315803528,0.020953979343175888,0.44996973872184753,0.31504422426223755,0.009591195732355118,0.43200668692588806,0.27379605174064636,-0.0007949450518935919,0.5094985961914062,0.3967329263687134,0.021645275875926018,0.4796657860279083,0.31503942608833313,0.017749221995472908,0.45479366183280945,0.2671918272972107,0.007502293214201927,0.4326150417327881,0.22437280416488647,-0.0018181895138695836,0.5282590985298157,0.38023266196250916,0.012242058292031288,0.49716120958328247,0.2986963987350464,0.005173718091100454,0.4732024073600769,0.25873875617980957,-0.0026068128645420074,0.45139747858047485,0.22653141617774963,-0.008822047151625156,0.555152177810669,0.37144187092781067,0.0005546811735257506,0.5243440270423889,0.3076605796813965,-0.006431401241570711,0.5018268823623657,0.2730896770954132,-0.01012431364506483,0.48128288984298706,0.2450716495513916,-0.013414672575891018,hello
0.6255151033401489,0.6246418356895447,-1.2591347342549852e-07,0.5621515512466431,0.5954790115356445,-0.009481162764132023,0.5208456516265869,0.5043977499008179,-0.009146571159362793,0.509945809841156,0.4171796441078186,-0.012025073170661926,0.5047546625137329,0.34778541326522827,-0.013930640183389187,0.5287359356880188,0.3854810297489166,0.01894943229854107,0.511013925075531,0.29537954926490784,0.00731754582375288,0.5008859634399414,0.23911736905574799,-0.00706614600494504,0.49437516927719116,0.1923428624868393,-0.018441520631313324,0.5523574948310852,0.35960766673088074,0.011865771375596523,0.5293707847595215,0.2583382725715637,0.0016637789085507393,0.5149750113487244,0.2008320391178131,-0.01042961236089468,0.5043936371803284,0.1593666672706604,-0.019454114139080048,0.5789027810096741,0.3486316204071045,-0.00011549828923307359,0.5538527369499207,0.24914753437042236,-0.012255707755684853,0.5360233783721924,0.20101694762706757,-0.019909534603357315,0.5224458575248718,0.17066355049610138,-0.02482353150844574,0.6112310886383057,0.35256123542785645,-0.014616613276302814,0.5863103270530701,0.275261253118515,-0.024861685931682587,0.5673430562019348,0.2345157414674759,-0.028410859405994415,0.5514759421348572,0.20775838196277618,-0.03078610822558403,hello
0.6879758238792419,0.6000293493270874,-8.70326317681247e-08,0.6346898674964905,0.5377194285392761,-0.017347516492009163,0.6015224456787109,0.4360293447971344,-0.023271584883332253,0.5856508612632751,0.34662550687789917,-0.030584998428821564,0.5816803574562073,0.2822931110858917,-0.03677629679441452,0.6214532256126404,0.31323060393333435,0.005114125087857246,0.6158219575881958,0.2112283557653427,-0.010356723330914974,0.6118189692497253,0.1501571238040924,-0.02658490650355816,0.6103347539901733,0.10107971727848053,-0.03962802514433861,0.6502909064292908,0.3007798492908478,0.0007031033746898174,0.6428241729736328,0.18709202110767365,-0.011115120723843575,0.635826587677002,0.12279829382896423,-0.024575406685471535,0.6300592422485352,0.07707907259464264,-0.035599976778030396,0.6799659132957458,0.3091449439525604,-0.008617757819592953,0.6738392114639282,0.20676881074905396,-0.022174624726176262,0.6608868837356567,0.1560124009847641,-0.03457575663924217,0.6480813026428223,0.12639211118221283,-0.044408977031707764,0.7100411653518677,0.3375621736049652,-0.02069038897752762,0.6818473935127258,0.2874813973903656,-0.034773390740156174,0.6558558344841003,0.2685217559337616,-0.043272025883197784,0.6330285668373108,0.2627919912338257,-0.049536436796188354,hello
0.7552605271339417,0.6166363954544067,-4.2708997227691725e-08,0.703594446182251,0.5537021160125732,-0.027030762284994125,0.6710687279701233,0.44904857873916626,-0.042198143899440765,0.6611587405204773,0.35529473423957825,-0.057194773107767105,0.6535406708717346,0.27197030186653137,-0.07114679366350174,0.7027817964553833,0.3085329234600067,-0.015271017327904701,0.701957106590271,0.19800105690956116,-0.03971550241112709,0.7043205499649048,0.13627789914608002,-0.06187061592936516,0.7083608508110046,0.08059382438659668,-0.07830699533224106,0.7369469404220581,0.29979732632637024,-0.01793496683239937,0.7390151023864746,0.17308858036994934,-0.038960013538599014,0.7374904155731201,0.10259678959846497,-0.05683622881770134,0.7366207838058472,0.04163959622383118,-0.07075714319944382,0.7693778872489929,0.3113670349121094,-0.025758102536201477,0.7704821825027466,0.18676234781742096,-0.04616415500640869,0.764409065246582,0.11982525885105133,-0.058382704854011536,0.7567594051361084,0.06701219081878662,-0.06709209829568863,0.8025221228599548,0.3421196937561035,-0.03705555200576782,0.8041104674339294,0.24473360180854797,-0.05374950170516968,0.7998337745666504,0.18782123923301697,-0.061570245772600174,0.7922259569168091,0.13983285427093506,-0.06755919754505157,hello
0.782693088054657,0.6355431079864502,1.1553076006975971e-07,0.7267360091209412,0.5619312524795532,-0.022166265174746513,0.7008385062217712,0.4554317593574524,-0.03194296360015869,0.7009345293045044,0.35911375284194946,-0.041755206882953644,0.6948915123939514,0.2762521803379059,-0.05090721696615219,0.7414608001708984,0.33977773785591125,-0.008345336653292179,0.7443948984146118,0.2282530665397644,-0.02894163317978382,0.7478539347648621,0.15689697861671448,-0.048291537910699844,0.7523474097251892,0.09042273461818695,-0.06280872225761414,0.7775267958641052,0.33349987864494324,-0.012215333059430122,0.781830370426178,0.20614399015903473,-0.030454348772764206,0.7835934162139893,0.11965075135231018,-0.04855455458164215,0.7855136394500732,0.03785392642021179,-0.06189338117837906,0.8103966116905212,0.34954431653022766,-0.020472178235650063,0.8177319765090942,0.22937138378620148,-0.03788963332772255,0.8193797469139099,0.15260817110538483,-0.051105596125125885,0.8182801008224487,0.0826801061630249,-0.059806279838085175,0.8438032865524292,0.3849540948867798,-0.031597260385751724,0.8509068489074707,0.2858518660068512,-0.046667277812957764,0.8511067032814026,0.22108159959316254,-0.054302141070365906,0.848058819770813,0.16183920204639435,-0.05910865217447281,hello
0.7960062026977539,0.6512524485588074,2.175624160827283e-07,0.738184928894043,0.5868086218833923,-0.027194272726774216,0.7096710205078125,0.47923290729522705,-0.039670754224061966,0.7083197236061096,0.38100960850715637,-0.050878141075372696,0.7034613490104675,0.29537102580070496,-0.06107708439230919,0.7501449584960938,0.3617643117904663,-0.016894878819584846,0.751859724521637,0.24851010739803314,-0.04010419175028801,0.7557411789894104,0.17561744153499603,-0.05973504111170769,0.7616209387779236,0.11001992225646973,-0.07407866418361664,0.7879707217216492,0.3558686673641205,-0.018877238035202026,0.7907572984695435,0.2260606586933136,-0.0404965803027153,0.7949468493461609,0.13710540533065796,-0.059212975203990936,0.7993536591529846,0.054850876331329346,-0.07225112617015839,0.8220763802528381,0.37296637892723083,-0.02553253248333931,0.8276840448379517,0.2514069378376007,-0.0468636192381382,0.8306525945663452,0.17160435020923615,-0.06192437559366226,0.8312636017799377,0.10028529167175293,-0.0711863785982132,0.8560015559196472,0.4088810086250305,-0.03507810831069946,0.8633372783660889,0.31377071142196655,-0.05389266833662987,0.8651285767555237,0.24798008799552917,-0.06421083956956863,0.8637201189994812,0.18738748133182526,-0.07044196873903275,hello
0.8033972978591919,0.6810249090194702,1.571375918274498e-07,0.7458961606025696,0.6121412515640259,-0.027551429346203804,0.7177789211273193,0.5088362693786621,-0.04084251821041107,0.7176631093025208,0.41154956817626953,-0.05298827588558197,0.7126641273498535,0.32521629333496094,-0.06435875594615936,0.7595629096031189,0.39059677720069885,-0.0192532017827034,0.7608076930046082,0.27495187520980835,-0.04299851134419441,0.7641290426254272,0.20182237029075623,-0.0630238875746727,0.7697785496711731,0.13459622859954834,-0.07780767977237701,0.7981954216957092,0.38367271423339844,-0.02168246917426586,0.8013885021209717,0.25259533524513245,-0.04414474591612816,0.804696261882782,0.16415797173976898,-0.06378868222236633,0.8090077042579651,0.08185598254203796,-0.07775726169347763,0.8338191509246826,0.40065836906433105,-0.028587881475687027,0.8405925631523132,0.2787497937679291,-0.05052747577428818,0.8444679975509644,0.1988816261291504,-0.06628041714429855,0.8466092348098755,0.12604022026062012,-0.0762278288602829,0.8692246675491333,0.4366217851638794,-0.03833990544080734,0.8790713548660278,0.3397709131240845,-0.05708834156394005,0.8825578093528748,0.274602472782135,-0.06713299453258514,0.8831788301467896,0.21396277844905853,-0.073396697640419,hello
0.8087844252586365,0.7243174314498901,4.872267922451101e-08,0.7560207843780518,0.6426436901092529,-0.0250785481184721,0.7309767007827759,0.5371326208114624,-0.03883858770132065,0.7315723299980164,0.4410998523235321,-0.052125558257102966,0.7268514037132263,0.35643866658210754,-0.06488242745399475,0.7755653262138367,0.4198269844055176,-0.01758372224867344,0.778046727180481,0.30389371514320374,-0.040678124874830246,0.7807579040527344,0.22995837032794952,-0.06054483354091644,0.7856400012969971,0.1617884337902069,-0.07541530579328537,0.8134948015213013,0.4147188067436218,-0.021532487124204636,0.8201442956924438,0.27998942136764526,-0.04326203092932701,0.8247506618499756,0.19208860397338867,-0.061414577066898346,0.8306152820587158,0.1134805679321289,-0.07476916164159775,0.8482449054718018,0.4337640702724457,-0.029812030494213104,0.8592790961265564,0.3060421347618103,-0.05043259263038635,0.8649567365646362,0.2255467176437378,-0.06412754207849503,0.8694391250610352,0.15435203909873962,-0.07310369610786438,0.8831989765167236,0.4727592170238495,-0.04097490385174751,0.898715615272522,0.37252044677734375,-0.057654011994600296,0.906341552734375,0.30717214941978455,-0.06590773910284042,0.9110251665115356,0.24775967001914978,-0.0713760182261467,hello
0.8139314651489258,0.7497425079345703,6.930543605676576e-08,0.7622138857841492,0.6669001579284668,-0.02656415104866028,0.7373624444007874,0.5597869157791138,-0.04064323380589485,0.7379202842712402,0.46231672167778015,-0.0541108176112175,0.7354857921600342,0.3746883273124695,-0.0670432597398758,0.7831593751907349,0.44456902146339417,-0.01715822145342827,0.7862929701805115,0.33392515778541565,-0.04092617332935333,0.7907853126525879,0.26318538188934326,-0.06166551634669304,0.7981861233711243,0.19694727659225464,-0.0773342177271843,0.8219254016876221,0.43942660093307495,-0.02100396528840065,0.8311235904693604,0.3074485659599304,-0.04296393319964409,0.8379260897636414,0.22162480652332306,-0.06164303794503212,0.8456261157989502,0.1466009020805359,-0.07566732168197632,0.8565880060195923,0.46099260449409485,-0.029641689732670784,0.8709577918052673,0.3329993486404419,-0.05187498778104782,0.8772300481796265,0.2511707544326782,-0.06725767999887466,0.8818627595901489,0.18064793944358826,-0.07728856056928635,0.8911491632461548,0.5036513805389404,-0.04120238497853279,0.9097602367401123,0.4037020802497864,-0.059972234070301056,0.9190165400505066,0.33506476879119873,-0.07019302994012833,0.9249005913734436,0.2724708914756775,-0.07711490243673325,hello
0.8025621175765991,0.7492693066596985,-8.178496102573263e-09,0.7535097599029541,0.6647171974182129,-0.024094583466649055,0.7286203503608704,0.5616671442985535,-0.038255106657743454,0.7287230491638184,0.46771344542503357,-0.05237751081585884,0.7272704839706421,0.38151317834854126,-0.06578031927347183,0.7715199589729309,0.44958245754241943,-0.014001581817865372,0.7746431231498718,0.34261301159858704,-0.03671727329492569,0.7771365642547607,0.2765518128871918,-0.05701513960957527,0.7826722860336304,0.2122962474822998,-0.07256881892681122,0.8089911341667175,0.4442257583141327,-0.018759170547127724,0.8177585601806641,0.3173602819442749,-0.03925788030028343,0.8217660784721375,0.2389710396528244,-0.05647917464375496,0.8272125124931335,0.16683831810951233,-0.06973392516374588,0.8434885144233704,0.46347281336784363,-0.028151480481028557,0.8559262156486511,0.33710426092147827,-0.04828585311770439,0.8610881567001343,0.2611241340637207,-0.06056710705161095,0.8650695085525513,0.19528427720069885,-0.06883659213781357,0.8788934350013733,0.5024063587188721,-0.04053528979420662,0.8947950005531311,0.40422549843788147,-0.05679985135793686,0.9030129909515381,0.3386291265487671,-0.06444770097732544,0.9081786870956421,0.2795118987560272,-0.06983044743537903,hello
0.7815701365470886,0.740829586982727,-1.4332219677726243e-07,0.7357217073440552,0.6562811136245728,-0.022994061931967735,0.7065699100494385,0.5606552362442017,-0.037747371941804886,0.6996468901634216,0.4712914228439331,-0.05317224934697151,0.7005648612976074,0.3843552768230438,-0.06753118336200714,0.7378988265991211,0.4246203303337097,-0.006538202054798603,0.7355635166168213,0.3301820755004883,-0.02889486402273178,0.734070897102356,0.2753751575946808,-0.05211816728115082,0.7361395955085754,0.21699203550815582,-0.07047680020332336,0.7743955254554749,0.41926801204681396,-0.011860067956149578,0.7778728604316711,0.3014758229255676,-0.030545780435204506,0.7744254469871521,0.23662450909614563,-0.04905844107270241,0.7726039290428162,0.16885033249855042,-0.06445705145597458,0.8087050914764404,0.4352530241012573,-0.022186225280165672,0.8163741230964661,0.3182266354560852,-0.04043373093008995,0.8150189518928528,0.252485454082489,-0.05106256157159805,0.8120138645172119,0.193939208984375,-0.05925552174448967,0.8446860909461975,0.474495530128479,-0.03575534746050835,0.8535038232803345,0.38180801272392273,-0.049466777592897415,0.8568810820579529,0.32315465807914734,-0.054104357957839966,0.8564754128456116,0.26927775144577026,-0.05820521339774132,hello
0.7485042214393616,0.7155625820159912,-2.838157229234639e-07,0.7013628482818604,0.6372901201248169,-0.020286565646529198,0.6731670498847961,0.5499974489212036,-0.03639889881014824,0.6691851615905762,0.473673015832901,-0.05539148673415184,0.6775029301643372,0.4050670266151428,-0.07373696565628052,0.7004463076591492,0.3945731520652771,-0.004987981636077166,0.6961895227432251,0.29655832052230835,-0.03405134379863739,0.6880851984024048,0.25273019075393677,-0.061618056148290634,0.6808847188949585,0.22086234390735626,-0.0801721140742302,0.733354926109314,0.38346990942955017,-0.012666854076087475,0.7332422137260437,0.2507183253765106,-0.03803287819027901,0.7209354043006897,0.2010456919670105,-0.05851994827389717,0.7048383355140686,0.17353308200836182,-0.07233338057994843,0.7658755779266357,0.39718562364578247,-0.025781385600566864,0.7645120024681091,0.27235135436058044,-0.04862212762236595,0.7478644251823425,0.22286684811115265,-0.06159982830286026,0.7261005640029907,0.19191013276576996,-0.06968321651220322,0.7971972823143005,0.43486765027046204,-0.04185578599572182,0.7972161769866943,0.34823158383369446,-0.05832333862781525,0.7888052463531494,0.2981494665145874,-0.06552838534116745,0.7758556604385376,0.25675100088119507,-0.07093225419521332,hello
0.7142688632011414,0.6960852146148682,-3.6586982332664775e-07,0.6686127781867981,0.6281784176826477,-0.0216638445854187,0.6374045610427856,0.545829176902771,-0.039379462599754333,0.6272343993186951,0.47379347681999207,-0.06012995168566704,0.6366979479789734,0.40973517298698425,-0.0794137716293335,0.6591181755065918,0.39735448360443115,-0.010585437528789043,0.6532055735588074,0.28762438893318176,-0.04506544768810272,0.6327934265136719,0.24803930521011353,-0.07361409813165665,0.6143709421157837,0.23331229388713837,-0.0900362879037857,0.6869059205055237,0.38675981760025024,-0.016930362209677696,0.6845588088035583,0.25015366077423096,-0.047936227172613144,0.6570649147033691,0.2080882042646408,-0.06819856911897659,0.6301233768463135,0.19773781299591064,-0.07926764339208603,0.7142806649208069,0.3968844413757324,-0.02884592115879059,0.7059310078620911,0.2803787887096405,-0.05590851232409477,0.676502525806427,0.2600753605365753,-0.06756851822137833,0.6492078304290771,0.26339849829673767,-0.07200401276350021,0.7408360838890076,0.4268469512462616,-0.04366648197174072,0.7301390767097473,0.3394862115383148,-0.06001805514097214,0.7076958417892456,0.30739519000053406,-0.06508417427539825,0.6843750476837158,0.29201582074165344,-0.06756091117858887,hello
0.6894325017929077,0.6674619913101196,-2.708198962864117e-07,0.639723539352417,0.6248958706855774,-0.015069065615534782,0.6051412224769592,0.5470605492591858,-0.02445770427584648,0.5956743359565735,0.472324937582016,-0.03620115667581558,0.5976572632789612,0.40924063324928284,-0.04718761518597603,0.614142119884491,0.4192185699939728,-0.0002951723581645638,0.5983229279518127,0.3308829069137573,-0.020914070308208466,0.5802885293960571,0.2904522716999054,-0.04111805930733681,0.5625515580177307,0.25875580310821533,-0.055285289883613586,0.6382204294204712,0.39936912059783936,-0.0068071805872023106,0.6239590048789978,0.2940073013305664,-0.023106474429368973,0.6011306047439575,0.24524974822998047,-0.037723883986473083,0.5758921504020691,0.21210764348506927,-0.04880375787615776,0.6629208922386169,0.39861205220222473,-0.017806127667427063,0.6480425000190735,0.2965362071990967,-0.0336863175034523,0.6221813559532166,0.25701963901519775,-0.0428418330848217,0.5948451161384583,0.23243865370750427,-0.04933963716030121,0.68825763463974,0.414482057094574,-0.031239012256264687,0.6681938171386719,0.3373057544231415,-0.04292665794491768,0.6470848321914673,0.3038966655731201,-0.04693789780139923,0.6260753273963928,0.28299713134765625,-0.05027411878108978,hello
0.6615749001502991,0.6541345119476318,-2.388389646057476e-07,0.61467444896698,0.6226101517677307,-0.014582491479814053,0.5782328844070435,0.5557583570480347,-0.0221494622528553,0.5658954381942749,0.4841391444206238,-0.0314636304974556,0.563734769821167,0.4203835427761078,-0.039797376841306686,0.5730607509613037,0.43774062395095825,0.0006883466267026961,0.5498817563056946,0.36116355657577515,-0.01473879162222147,0.5328146815299988,0.3201521635055542,-0.03078373894095421,0.516838788986206,0.2796401381492615,-0.043654125183820724,0.5919724106788635,0.41364356875419617,-0.004428795073181391,0.566719651222229,0.3193768560886383,-0.017069000750780106,0.5469745397567749,0.27052322030067444,-0.029156168922781944,0.5270540118217468,0.22814378142356873,-0.03941965103149414,0.6141397953033447,0.40653419494628906,-0.013555657118558884,0.5905773043632507,0.3126083016395569,-0.027132729068398476,0.5720466375350952,0.2666718661785126,-0.035606689751148224,0.5522006154060364,0.2276928424835205,-0.042234983295202255,0.6413296461105347,0.4148135185241699,-0.02506503276526928,0.6220794320106506,0.3417002558708191,-0.03706958144903183,0.6058100461959839,0.29940396547317505,-0.04206005111336708,0.5883181095123291,0.2632240355014801,-0.04626962170004845,hello
0.6475855112075806,0.6452996730804443,-2.2460868365214992e-07,0.5950877666473389,0.6154106259346008,-0.010954205878078938,0.5575059652328491,0.5474426746368408,-0.015186366625130177,0.5442910194396973,0.47419115900993347,-0.0218698438256979,0.5385948419570923,0.40844807028770447,-0.027468927204608917,0.5544167757034302,0.4399701952934265,0.010371381416916847,0.5286656618118286,0.3709210753440857,-0.001963879680261016,0.5093380808830261,0.33367079496383667,-0.016950633376836777,0.490738183259964,0.29696446657180786,-0.02932700887322426,0.5704200267791748,0.41768836975097656,0.004324745386838913,0.5400274991989136,0.3304009735584259,-0.005370108410716057,0.5180400013923645,0.2833176851272583,-0.017572036013007164,0.49651938676834106,0.23870952427387238,-0.028446458280086517,0.5900434255599976,0.4096669852733612,-0.005889254156500101,0.562875509262085,0.32094696164131165,-0.01724940724670887,0.5434616208076477,0.27541911602020264,-0.026178017258644104,0.5234116911888123,0.23655763268470764,-0.0335899218916893,0.6159181594848633,0.41332003474235535,-0.01838984154164791,0.5910938382148743,0.3475324511528015,-0.028844177722930908,0.5728147029876709,0.3072005808353424,-0.03406452387571335,0.5542165040969849,0.2732163965702057,-0.038764093071222305,hello
0.643643319606781,0.633694589138031,-1.7820909192778345e-07,0.5925483107566833,0.611763060092926,-0.009139182977378368,0.5547608137130737,0.5446829795837402,-0.010807340033352375,0.5407912135124207,0.4729219377040863,-0.015132032334804535,0.5316889882087708,0.4095723032951355,-0.018742773681879044,0.5464627742767334,0.4489172697067261,0.012338154949247837,0.5191423892974854,0.3829961121082306,0.0034697758965194225,0.5004099011421204,0.3452821969985962,-0.00837759580463171,0.4830605983734131,0.3057836890220642,-0.019248558208346367,0.5614323616027832,0.42630869150161743,0.006137084681540728,0.5289748311042786,0.3436168432235718,-0.0021317421924322844,0.5057884454727173,0.29951363801956177,-0.013539674691855907,0.48374176025390625,0.25768518447875977,-0.023768384009599686,0.5801733732223511,0.41747239232063293,-0.003807741915807128,0.5502062439918518,0.3334331810474396,-0.014308776706457138,0.5283084511756897,0.2906610071659088,-0.02416638284921646,0.5072745084762573,0.2548295259475708,-0.0322587750852108,0.606019914150238,0.4181657135486603,-0.01573398895561695,0.5794375538825989,0.35583433508872986,-0.02604217641055584,0.5598208904266357,0.3185676038265228,-0.03247634321451187,0.5412169694900513,0.2887301445007324,-0.03815891966223717,hello
0.6477964520454407,0.6281179785728455,-1.866755354740235e-07,0.5965805649757385,0.6023913621902466,-0.009141641668975353,0.5594555139541626,0.5389004349708557,-0.012218874879181385,0.545050323009491,0.47095826268196106,-0.017981909215450287,0.5366884469985962,0.4109794497489929,-0.023032665252685547,0.5507788062095642,0.4430788457393646,0.009613124653697014,0.5219847559928894,0.3801531493663788,-0.0007170845055952668,0.5027509927749634,0.3440457284450531,-0.013523905538022518,0.4854392409324646,0.3059486746788025,-0.024804851040244102,0.5645647644996643,0.4202435612678528,0.003037727437913418,0.5293921828269958,0.34005168080329895,-0.006337210536003113,0.506138801574707,0.2958380877971649,-0.017886631190776825,0.4844232201576233,0.25368744134902954,-0.02808796428143978,0.5836023688316345,0.4104907512664795,-0.007097735069692135,0.5509728789329529,0.3279629349708557,-0.018422894179821014,0.5289021730422974,0.28484082221984863,-0.02765609510242939,0.507676362991333,0.24836964905261993,-0.03515928238630295,0.6100634336471558,0.41051316261291504,-0.019179780036211014,0.5828844308853149,0.3506483733654022,-0.029834384098649025,0.5635745525360107,0.31468665599823,-0.035391174256801605,0.5449867248535156,0.2862370014190674,-0.040237750858068466,hello
0.655821681022644,0.6202573180198669,-1.9682751428717893e-07,0.6032357811927795,0.5985575914382935,-0.0076576583087444305,0.5655867457389832,0.5357360243797302,-0.0093032605946064,0.550962507724762,0.46742427349090576,-0.01372838206589222,0.5427051186561584,0.4092070758342743,-0.017320213839411736,0.5572327375411987,0.44213181734085083,0.01382709015160799,0.5301207304000854,0.38121482729911804,0.004682063590735197,0.5110422968864441,0.3472338616847992,-0.0074022491462528706,0.49316179752349854,0.3113117814064026,-0.018353193998336792,0.57059246301651,0.4175402820110321,0.007116246968507767,0.5361286401748657,0.3424011170864105,-0.0016527175903320312,0.513657808303833,0.30013781785964966,-0.013150614686310291,0.4921375513076782,0.25761646032333374,-0.023122070357203484,0.5889182090759277,0.405994176864624,-0.003228181041777134,0.5565633177757263,0.3290747106075287,-0.014253494329750538,0.5358656048774719,0.28763270378112793,-0.02332315780222416,0.5156922340393066,0.2502060830593109,-0.030642515048384666,0.6144644618034363,0.4033021926879883,-0.015412459149956703,0.5872349739074707,0.3486260771751404,-0.025675423443317413,0.5686681866645813,0.31420332193374634,-0.031161610037088394,0.5509380102157593,0.282940149307251,-0.035970088094472885,hello
0.661994218826294,0.6285889148712158,-2.3689342754096288e-07,0.6092865467071533,0.6029505729675293,-0.008263378404080868,0.5726924538612366,0.5366840362548828,-0.009957822039723396,0.5583145618438721,0.46749433875083923,-0.01476915180683136,0.550421953201294,0.4085695445537567,-0.018805529922246933,0.5640531778335571,0.4400055706501007,0.015326623804867268,0.5361847877502441,0.37937501072883606,0.005650167353451252,0.5174733400344849,0.3443029224872589,-0.007611123379319906,0.4996630549430847,0.30694615840911865,-0.019392672926187515,0.5779651999473572,0.41577163338661194,0.008556767366826534,0.5440713167190552,0.34070998430252075,-9.10774469957687e-05,0.5214860439300537,0.29836681485176086,-0.011872107163071632,0.4993816018104553,0.2569575309753418,-0.022358965128660202,0.5965936183929443,0.40424081683158875,-0.0021739592775702477,0.5658810138702393,0.3258233666419983,-0.013126290403306484,0.5454289317131042,0.2871813476085663,-0.02171400375664234,0.52471923828125,0.2533189058303833,-0.028702564537525177,0.6224700212478638,0.4024972915649414,-0.015011144801974297,0.5950947999954224,0.34404197335243225,-0.025278810411691666,0.5760788321495056,0.3089340031147003,-0.030201032757759094,0.5572230219841003,0.27833476662635803,-0.03458854556083679,hello
0.6815009117126465,0.6184772253036499,-2.743548463968182e-07,0.6327266693115234,0.588034451007843,-0.007006645202636719,0.596563458442688,0.5148650407791138,-0.01014761533588171,0.5854436159133911,0.4406716227531433,-0.01658579707145691,0.586152195930481,0.38328468799591064,-0.02234017662703991,0.5888646245002747,0.4160572290420532,0.01018504798412323,0.5687828660011292,0.33721446990966797,-0.0038275474216789007,0.550309956073761,0.29825326800346375,-0.018708793446421623,0.5319515466690063,0.26891398429870605,-0.029861295595765114,0.6064730286598206,0.39423373341560364,0.0025396314449608326,0.5817950963973999,0.30377691984176636,-0.009760052897036076,0.5601925849914551,0.2658490836620331,-0.021633628755807877,0.5380445718765259,0.24298608303070068,-0.03041440062224865,0.6273646354675293,0.38531288504600525,-0.00862910132855177,0.6022030711174011,0.2961014211177826,-0.021141182631254196,0.5798144936561584,0.26455914974212646,-0.028042230755090714,0.5570460557937622,0.24745987355709076,-0.032666247338056564,0.6525461077690125,0.38878294825553894,-0.021611275151371956,0.630354106426239,0.31900858879089355,-0.03203801065683365,0.6096473336219788,0.2849943935871124,-0.03580654785037041,0.5890032649040222,0.2630373239517212,-0.03857117518782616,hello
0.7888213992118835,0.6045986413955688,-3.43958070914141e-08,0.7447147369384766,0.5597264766693115,-0.01709018088877201,0.7178128957748413,0.4746689200401306,-0.02527650259435177,0.7212872505187988,0.4020492136478424,-0.03408115729689598,0.7354081273078918,0.3538523018360138,-0.04163059964776039,0.7401049137115479,0.3547707796096802,-0.0017593848751857877,0.7342022061347961,0.2655678987503052,-0.01689954474568367,0.7311974167823792,0.2091740369796753,-0.03221623972058296,0.729517936706543,0.16000941395759583,-0.044566623866558075,0.7648792862892151,0.34592172503471375,-0.0054495930671691895,0.7569333910942078,0.24797239899635315,-0.019551506265997887,0.752456784248352,0.18838703632354736,-0.03327430412173271,0.7487761378288269,0.13610507547855377,-0.043657585978507996,0.7902271747589111,0.3532114624977112,-0.013144727796316147,0.7817947864532471,0.25784406065940857,-0.027752650901675224,0.7750335335731506,0.20167014002799988,-0.038405247032642365,0.7673408389091492,0.15515199303627014,-0.04570917412638664,0.8187407851219177,0.37623873353004456,-0.02325359173119068,0.8120147585868835,0.29949262738227844,-0.036305878311395645,0.8054358959197998,0.2528597116470337,-0.04312729090452194,0.7977362275123596,0.212591290473938,-0.047833703458309174,hello
0.8095220327377319,0.6185026168823242,-1.0289802787610824e-08,0.762341320514679,0.560073733329773,-0.015053031034767628,0.7386493682861328,0.4680107831954956,-0.020711781457066536,0.7492173910140991,0.38730910420417786,-0.027268076315522194,0.7683692574501038,0.33284127712249756,-0.03266287222504616,0.7682046890258789,0.367623895406723,0.0034351004287600517,0.7671228647232056,0.2783787250518799,-0.008850949816405773,0.7678083777427673,0.2248077690601349,-0.02209596149623394,0.770248293876648,0.1743791103363037,-0.03336178883910179,0.7963614463806152,0.35979777574539185,-0.0005757210310548544,0.7948349714279175,0.2584468722343445,-0.01175320241600275,0.7935829162597656,0.19291074573993683,-0.02436586655676365,0.7934491038322449,0.13203459978103638,-0.03454409912228584,0.8227474689483643,0.36996009945869446,-0.00858977809548378,0.8227993249893188,0.2726345956325531,-0.0208594873547554,0.8195182681083679,0.209938183426857,-0.0315842404961586,0.8158054351806641,0.15405385196208954,-0.039531607180833817,0.851828932762146,0.39694124460220337,-0.018915217369794846,0.8513891696929932,0.3173424005508423,-0.03098701499402523,0.8473352193832397,0.26618847250938416,-0.03839411959052086,0.8417759537696838,0.21961365640163422,-0.043727368116378784,hello
0.812916100025177,0.6301065683364868,-4.518380780638154e-09,0.766080379486084,0.5659384727478027,-0.016163185238838196,0.7440654039382935,0.4760516881942749,-0.02242387644946575,0.752373456954956,0.39536237716674805,-0.02977069281041622,0.7709096074104309,0.33926448225975037,-0.036128170788288116,0.7776896953582764,0.37962403893470764,0.004146668128669262,0.7773510217666626,0.2910921275615692,-0.009779268875718117,0.7782037854194641,0.2357034683227539,-0.024917129427194595,0.7812874913215637,0.1833779215812683,-0.03712104633450508,0.8050848245620728,0.37243449687957764,0.0002794500906020403,0.804942786693573,0.26946908235549927,-0.011797870509326458,0.8044320940971375,0.20247261226177216,-0.02546885423362255,0.8055359721183777,0.14074717462062836,-0.036232106387615204,0.830458402633667,0.38330793380737305,-0.007883167825639248,0.8315841555595398,0.2854894697666168,-0.020375700667500496,0.8295323848724365,0.22220483422279358,-0.03044697269797325,0.8275489807128906,0.16597196459770203,-0.037732359021902084,0.857571542263031,0.4099451005458832,-0.018674226477742195,0.8588075041770935,0.32907170057296753,-0.029977912083268166,0.856258749961853,0.2751084566116333,-0.03612583503127098,0.8526801466941833,0.2265554517507553,-0.04049757122993469,hello
0.8183422088623047,0.6374034285545349,1.4333696451984679e-09,0.7719484567642212,0.5734336972236633,-0.015157119370996952,0.7497297525405884,0.48336300253868103,-0.02101306803524494,0.7569953203201294,0.4026578664779663,-0.02801542915403843,0.773764967918396,0.34982824325561523,-0.034143269062042236,0.7825703620910645,0.3855823874473572,0.0035970958415418863,0.7830826640129089,0.29580971598625183,-0.00990996602922678,0.7845560908317566,0.23946250975131989,-0.02461286447942257,0.7879924178123474,0.1867445707321167,-0.03662100061774254,0.8105980157852173,0.37897640466690063,-0.000732699001673609,0.8106417059898376,0.27507731318473816,-0.012484941631555557,0.8106960654258728,0.20773328840732574,-0.02599857561290264,0.8121078610420227,0.14557908475399017,-0.03668265789747238,0.8367969393730164,0.3910917043685913,-0.009085587225854397,0.838371217250824,0.2927458882331848,-0.021553443744778633,0.8369951248168945,0.2294507920742035,-0.03196394816040993,0.8350561857223511,0.17312191426753998,-0.039439305663108826,0.8649709224700928,0.4199499785900116,-0.019877465441823006,0.8663597702980042,0.33850985765457153,-0.03128707408905029,0.8633908629417419,0.28418073058128357,-0.03759818896651268,0.8591364026069641,0.23505409061908722,-0.04207005351781845,hello
0.8240056037902832,0.6436672210693359,-2.9756254349422306e-08,0.7773640155792236,0.5738922953605652,-0.014033186249434948,0.755827009677887,0.48195838928222656,-0.019042735919356346,0.7653526663780212,0.39842653274536133,-0.025514284148812294,0.7836312651634216,0.34685826301574707,-0.031043265014886856,0.7882916331291199,0.3878873586654663,0.007163101341575384,0.7913007140159607,0.29801326990127563,-0.005599922966212034,0.7937202453613281,0.24174167215824127,-0.020055441185832024,0.7977868318557739,0.18877387046813965,-0.03215622156858444,0.8178250789642334,0.38253358006477356,0.0024380674585700035,0.8205346465110779,0.27852994203567505,-0.008696966804564,0.8221270442008972,0.212257981300354,-0.02195270173251629,0.8242034316062927,0.1511671096086502,-0.03272097185254097,0.8454300761222839,0.39450007677078247,-0.006477290764451027,0.8485435247421265,0.2949621081352234,-0.018406251445412636,0.8484784364700317,0.2317989617586136,-0.028573138639330864,0.8472238779067993,0.1765672266483307,-0.03606031462550163,0.8749531507492065,0.4228469729423523,-0.017842579632997513,0.8763903379440308,0.34002551436424255,-0.02877003699541092,0.8738719820976257,0.28596019744873047,-0.03485298156738281,0.8698240518569946,0.2384132444858551,-0.03933696076273918,hello
0.8256179094314575,0.6445016264915466,-6.106836281105643e-08,0.7788234949111938,0.577297568321228,-0.015500029549002647,0.7583211660385132,0.48487722873687744,-0.020692214369773865,0.7682836651802063,0.4022805690765381,-0.027005044743418694,0.7842569351196289,0.3471014201641083,-0.032421521842479706,0.7907602190971375,0.39148449897766113,0.004615523386746645,0.7931547164916992,0.30095407366752625,-0.00855520460754633,0.7957693934440613,0.2450191229581833,-0.022969650104641914,0.800236165523529,0.19215847551822662,-0.03513646498322487,0.8206462860107422,0.3857325613498688,0.0005892743938602507,0.8225813508033752,0.2819992005825043,-0.011333605274558067,0.8247353434562683,0.2171238511800766,-0.02493344433605671,0.8282421231269836,0.1559145599603653,-0.03605055809020996,0.8481734991073608,0.39718422293663025,-0.007695598527789116,0.8507544994354248,0.29766935110092163,-0.020717235282063484,0.8514649868011475,0.235214963555336,-0.03171524778008461,0.8515336513519287,0.1783181130886078,-0.03984292596578598,0.8776434063911438,0.42524001002311707,-0.01846267655491829,0.878263533115387,0.3426830768585205,-0.030673597007989883,0.8759489059448242,0.28944358229637146,-0.03781745582818985,0.8725889921188354,0.24077726900577545,-0.04317433387041092,hello
0.8197211027145386,0.6469278931617737,-2.9110525545661403e-08,0.7742302417755127,0.5781693458557129,-0.016945302486419678,0.7524601817131042,0.48486101627349854,-0.02442137524485588,0.7579077482223511,0.40420636534690857,-0.03276517614722252,0.7748279571533203,0.3445490598678589,-0.03995901346206665,0.785319983959198,0.38522258400917053,0.002523300237953663,0.7870831489562988,0.29766759276390076,-0.012251991778612137,0.7885329723358154,0.243271142244339,-0.028280818834900856,0.791197657585144,0.190509632229805,-0.04132379963994026,0.813050389289856,0.37991973757743835,-0.0014999588020145893,0.8145208954811096,0.2797294557094574,-0.014049744233489037,0.8145400285720825,0.21755823493003845,-0.027728907763957977,0.8155761361122131,0.15604686737060547,-0.03870731592178345,0.8390288949012756,0.3926466405391693,-0.009892015717923641,0.8408426642417908,0.29484304785728455,-0.02271714247763157,0.8406895399093628,0.23452705144882202,-0.03178516402840614,0.8402978181838989,0.17730507254600525,-0.038675419986248016,0.8668709993362427,0.42287468910217285,-0.02100786566734314,0.8678479194641113,0.3410435914993286,-0.03265788033604622,0.8656171560287476,0.28761351108551025,-0.03791477531194687,0.8621346950531006,0.23737598955631256,-0.04177740961313248,hello
0.8074303269386292,0.6371618509292603,-9.890221264186039e-08,0.7615845203399658,0.5754715800285339,-0.016544997692108154,0.7361292839050293,0.4881637990474701,-0.02438528463244438,0.7404036521911621,0.4099864661693573,-0.032966386526823044,0.7550387978553772,0.35570472478866577,-0.04031268507242203,0.7621620297431946,0.38273608684539795,-0.0005144363385625184,0.7583818435668945,0.29793766140937805,-0.015327216126024723,0.7574152946472168,0.24496974050998688,-0.030732067301869392,0.7571980357170105,0.19433681666851044,-0.043231282383203506,0.7899346351623535,0.37270745635032654,-0.004329960327595472,0.7871226072311401,0.27457481622695923,-0.016750464215874672,0.7839722037315369,0.2136027067899704,-0.0290328711271286,0.7807149291038513,0.15783314406871796,-0.039120256900787354,0.8164586424827576,0.38020339608192444,-0.012218260206282139,0.8151429295539856,0.2846797704696655,-0.024667276069521904,0.8133335113525391,0.22885103523731232,-0.03293546661734581,0.8105245232582092,0.17984794080257416,-0.03914344310760498,0.8457662463188171,0.4054257571697235,-0.022734835743904114,0.8461233973503113,0.32663285732269287,-0.03346620872616768,0.8446831107139587,0.27665603160858154,-0.03813278675079346,0.8417096138000488,0.232357919216156,-0.04170367866754532,hello
0.7839614152908325,0.6079435348510742,-6.946858377432363e-08,0.7396643757820129,0.5609846711158752,-0.015863165259361267,0.7107231616973877,0.48067301511764526,-0.023485379293560982,0.7094641923904419,0.4049362242221832,-0.031909119337797165,0.7250970602035522,0.35520681738853455,-0.03907688707113266,0.7332691550254822,0.3728415071964264,0.00015232722216751426,0.7272742390632629,0.29159337282180786,-0.014567271806299686,0.7227898240089417,0.23914790153503418,-0.029507365077733994,0.719224750995636,0.1929425150156021,-0.041325464844703674,0.7579947710037231,0.3602220416069031,-0.0032051997259259224,0.7522181868553162,0.2642340362071991,-0.015728002414107323,0.7461809515953064,0.20680955052375793,-0.02774394489824772,0.7395507097244263,0.15771755576133728,-0.03709942102432251,0.782970130443573,0.3650258481502533,-0.010500875301659107,0.7760006189346313,0.27202755212783813,-0.023333271965384483,0.7696129679679871,0.21927130222320557,-0.03174896538257599,0.7620957493782043,0.17621900141239166,-0.03754568472504616,0.8108752369880676,0.3868595063686371,-0.020166369155049324,0.805599570274353,0.31105440855026245,-0.03114594891667366,0.8013151288032532,0.26387208700180054,-0.03620930388569832,0.7958984971046448,0.22309866547584534,-0.03980429470539093,hello
0.7674559354782104,0.5993386507034302,-8.807284501699542e-08,0.7192829847335815,0.5598165988922119,-0.020457258448004723,0.6863258481025696,0.48713406920433044,-0.029844094067811966,0.6808679103851318,0.4103180468082428,-0.0387139655649662,0.6861478090286255,0.3482328951358795,-0.04638829454779625,0.6996386647224426,0.384901762008667,-0.007139010354876518,0.6871720552444458,0.30743762850761414,-0.02308475226163864,0.6800886392593384,0.25769898295402527,-0.038992445915937424,0.6746999621391296,0.20996218919754028,-0.051797054708004,0.7243464589118958,0.36568570137023926,-0.008275501430034637,0.7116198539733887,0.27475690841674805,-0.021745413541793823,0.7018912434577942,0.21973396837711334,-0.03492609038949013,0.6927109360694885,0.16840395331382751,-0.04576224833726883,0.7493119239807129,0.3639450669288635,-0.013392381370067596,0.7377462983131409,0.27597692608833313,-0.027436280623078346,0.729351282119751,0.22335729002952576,-0.03721248731017113,0.7202864289283752,0.1787654608488083,-0.04433143511414528,0.7788841724395752,0.37890559434890747,-0.021099429577589035,0.7689771056175232,0.3064108192920685,-0.03356937691569328,0.7614946961402893,0.2601635456085205,-0.03981787711381912,0.7527396082878113,0.22013446688652039,-0.04445990175008774,hello
0.7479997277259827,0.5866190791130066,-1.9590149236137222e-07,0.7023526430130005,0.5587470531463623,-0.0179836954921484,0.6661007404327393,0.4928451180458069,-0.026402387768030167,0.6527889966964722,0.42269158363342285,-0.03566260635852814,0.6585158109664917,0.3695635497570038,-0.04399753361940384,0.6747521162033081,0.38652104139328003,-0.00032438174821436405,0.6581528782844543,0.3177691400051117,-0.01498483493924141,0.6459882259368896,0.2791784405708313,-0.03101334162056446,0.6357465982437134,0.24064859747886658,-0.0438012070953846,0.6960127353668213,0.3643541932106018,-0.002776853973045945,0.6781075596809387,0.28172567486763,-0.014412978664040565,0.6618456244468689,0.2349965125322342,-0.027532432228326797,0.6464271545410156,0.19312365353107452,-0.038586653769016266,0.719058632850647,0.3569382429122925,-0.0093519426882267,0.7039002776145935,0.27285078167915344,-0.021973691880702972,0.68853360414505,0.2273751199245453,-0.03144077956676483,0.6720592975616455,0.19033311307430267,-0.03867052122950554,0.7451683282852173,0.3635816276073456,-0.018463322892785072,0.7316975593566895,0.29523226618766785,-0.029111521318554878,0.7183931469917297,0.2591472268104553,-0.033622030168771744,0.703249990940094,0.2319451868534088,-0.037390291690826416,hello
0.73256516456604,0.5743764042854309,-1.0088187707424368e-07,0.6855731010437012,0.5550146102905273,-0.014031002297997475,0.6479068398475647,0.4976807236671448,-0.020410392433404922,0.6301096081733704,0.4342961013317108,-0.0277468990534544,0.622857391834259,0.37784987688064575,-0.033987857401371,0.65224289894104,0.39786282181739807,0.0015912477392703295,0.6328199505805969,0.33199456334114075,-0.011513681150972843,0.6188420653343201,0.29211223125457764,-0.0253214742988348,0.6063508987426758,0.25351202487945557,-0.036271095275878906,0.6705913543701172,0.37552955746650696,-0.0020238207653164864,0.6483778357505798,0.2981470823287964,-0.013576613739132881,0.6304424405097961,0.25204190611839294,-0.02537146769464016,0.6136077642440796,0.2091013491153717,-0.03459659591317177,0.6912940144538879,0.36580711603164673,-0.009214922785758972,0.669924259185791,0.2882693409919739,-0.020761914551258087,0.6531851291656494,0.24579906463623047,-0.02824235148727894,0.6369689106941223,0.21021650731563568,-0.03346329927444458,0.7169752717018127,0.3662843406200409,-0.018668798729777336,0.6990020871162415,0.3020212948322296,-0.028623802587389946,0.6849334836006165,0.26319724321365356,-0.03289750963449478,0.6707433462142944,0.2318580597639084,-0.03579147905111313,hello
0.7208456993103027,0.5612921714782715,-7.010289948539139e-08,0.6750159859657288,0.5558577179908752,-0.012970364652574062,0.6357123255729675,0.5029863119125366,-0.01737316884100437,0.616653561592102,0.4433384835720062,-0.022595269605517387,0.6103017926216125,0.3913416266441345,-0.026887398213148117,0.6350091695785522,0.40710562467575073,0.0024040304124355316,0.611713171005249,0.34635838866233826,-0.008704669773578644,0.5964821577072144,0.3083117604255676,-0.020557651296257973,0.5832504034042358,0.27127403020858765,-0.030324691906571388,0.6513356566429138,0.381790429353714,-0.001087211538106203,0.6253974437713623,0.31099510192871094,-0.011144685558974743,0.6064411401748657,0.266710102558136,-0.02213067002594471,0.5892758369445801,0.22554808855056763,-0.030698399990797043,0.6711687445640564,0.3702423572540283,-0.007893107831478119,0.6479408740997314,0.29768186807632446,-0.01820986531674862,0.631078839302063,0.2554827332496643,-0.026210756972432137,0.6152570843696594,0.21925614774227142,-0.03197695314884186,0.6950910687446594,0.3690485954284668,-0.01676545850932598,0.6743980050086975,0.31183502078056335,-0.026133863255381584,0.6587110757827759,0.2769525349140167,-0.030856240540742874,0.6438207626342773,0.24832388758659363,-0.03416496515274048,hello
0.7102483510971069,0.5507110357284546,-9.275289158949818e-08,0.667007565498352,0.5475296974182129,-0.011556322686374187,0.628637433052063,0.5016213655471802,-0.016191013157367706,0.6108192205429077,0.4452531337738037,-0.02176520973443985,0.6063080430030823,0.3991098701953888,-0.026540175080299377,0.6246535778045654,0.4075632691383362,0.0001790575188351795,0.599125325679779,0.3466600179672241,-0.010977176018059254,0.5821173191070557,0.3106747269630432,-0.022157808765769005,0.5671666860580444,0.2765475809574127,-0.0313861258327961,0.6393341422080994,0.38308241963386536,-0.00362008111551404,0.6099302768707275,0.3137759268283844,-0.014021200127899647,0.590308666229248,0.271109402179718,-0.02454190142452717,0.5733903050422668,0.23041245341300964,-0.032795630395412445,0.6577380299568176,0.370861291885376,-0.01036952156573534,0.6316855549812317,0.2998930811882019,-0.021204961463809013,0.6137006282806396,0.25903651118278503,-0.02979261241853237,0.5970313549041748,0.22335149347782135,-0.035918544977903366,0.6810904145240784,0.36822420358657837,-0.018874431028962135,0.6581212878227234,0.3137543797492981,-0.028955500572919846,0.6407276391983032,0.2814917266368866,-0.03457421064376831,0.6243897676467896,0.2546382248401642,-0.038537751883268356,hello
0.7034105062484741,0.5426251888275146,-7.677429181285333e-08,0.6610573530197144,0.5412572622299194,-0.010514440014958382,0.6235929131507874,0.5004202127456665,-0.014883190393447876,0.6061241626739502,0.4473908543586731,-0.020455803722143173,0.602682888507843,0.40322843194007874,-0.025357717648148537,0.616637110710144,0.40866580605506897,0.0009228867129422724,0.5902840495109558,0.34991776943206787,-0.009438973851501942,0.5734918713569641,0.31438225507736206,-0.01987304911017418,0.5591700077056885,0.2803213894367218,-0.028629368171095848,0.6296169757843018,0.3845236301422119,-0.0031559187918901443,0.5982157588005066,0.3191690146923065,-0.013067434541881084,0.5789337158203125,0.27801084518432617,-0.022943388670682907,0.5629167556762695,0.23800750076770782,-0.03074856847524643,0.6471271514892578,0.37140145897865295,-0.010043124668300152,0.6188786029815674,0.3057144582271576,-0.020167892798781395,0.6011661887168884,0.26745766401290894,-0.02797525003552437,0.5854438543319702,0.23259268701076508,-0.03366033732891083,0.6703628301620483,0.3666439354419708,-0.0186794213950634,0.6471808552742004,0.3164248466491699,-0.02808559313416481,0.630763590335846,0.28535863757133484,-0.033359866589307785,0.6157432794570923,0.257616251707077,-0.03718359395861626,hello
0.7020813226699829,0.5379011631011963,-1.0315877574385013e-07,0.6610234379768372,0.5391039848327637,-0.010150671936571598,0.6241233348846436,0.49951088428497314,-0.014135961420834064,0.6079407930374146,0.44878172874450684,-0.01933630369603634,0.604962944984436,0.40609222650527954,-0.02393723465502262,0.6154464483261108,0.40402117371559143,0.0011430258164182305,0.5891690850257874,0.3475978672504425,-0.0082958173006773,0.5727506875991821,0.314399778842926,-0.01835089549422264,0.5583487749099731,0.28143614530563354,-0.027040990069508553,0.6285006403923035,0.3802585005760193,-0.002908395603299141,0.597737193107605,0.3159368932247162,-0.01157454401254654,0.5783562064170837,0.27689987421035767,-0.0209103524684906,0.5616525411605835,0.23883061110973358,-0.028742406517267227,0.645706295967102,0.3682968318462372,-0.009703701362013817,0.6180533766746521,0.3050379157066345,-0.018841125071048737,0.6005330681800842,0.2684323489665985,-0.026383478194475174,0.5841842889785767,0.23458166420459747,-0.03233170509338379,0.6681559085845947,0.36553648114204407,-0.01826227642595768,0.6457192301750183,0.3171672224998474,-0.02691654860973358,0.6297751665115356,0.2876353859901428,-0.031902655959129333,0.6144067049026489,0.26068946719169617,-0.03591368347406387,hello
0.6964999437332153,0.5367220640182495,-5.907525491011256e-08,0.6576350331306458,0.5384771823883057,-0.008122765459120274,0.6208515763282776,0.4998457431793213,-0.011134626343846321,0.6039397120475769,0.45214444398880005,-0.015442468225955963,0.6017552614212036,0.41233697533607483,-0.019260091707110405,0.6142979264259338,0.408365398645401,0.0018163305940106511,0.5886815786361694,0.35361939668655396,-0.007122536655515432,0.572333037853241,0.32007595896720886,-0.01649576984345913,0.5582915544509888,0.28815922141075134,-0.024502964690327644,0.6261965036392212,0.3862406313419342,-0.0027204251382499933,0.595686137676239,0.3251969516277313,-0.011246253736317158,0.5768850445747375,0.28505939245224,-0.020390158519148827,0.5609880089759827,0.24543099105358124,-0.02773215062916279,0.6424068808555603,0.3741811513900757,-0.009651830419898033,0.6151461005210876,0.31279444694519043,-0.018448147922754288,0.5974894165992737,0.2753228545188904,-0.026014409959316254,0.5815017819404602,0.24116839468479156,-0.03167133405804634,0.6637656092643738,0.36972540616989136,-0.01806502975523472,0.6408623456954956,0.3225254416465759,-0.02636590227484703,0.6251235008239746,0.29267618060112,-0.03134193271398544,0.610734224319458,0.26556941866874695,-0.03505821153521538,hello
0.6918070316314697,0.537326991558075,-5.4529341042552915e-08,0.6528629064559937,0.5397049188613892,-0.008327645249664783,0.6168115139007568,0.5026082992553711,-0.011588800698518753,0.6000322699546814,0.45623213052749634,-0.01607462204992771,0.5973289012908936,0.417171835899353,-0.02004372887313366,0.609691321849823,0.4131714999675751,0.0014902350958436728,0.5849614143371582,0.35908573865890503,-0.007208155933767557,0.56904536485672,0.3264773488044739,-0.016385620459914207,0.5553442239761353,0.2954968214035034,-0.02424965426325798,0.6213037967681885,0.3916330933570862,-0.0028172375168651342,0.5913852453231812,0.33024895191192627,-0.010981626808643341,0.5731123089790344,0.29121094942092896,-0.019783321768045425,0.5578703880310059,0.2528788447380066,-0.02700125426054001,0.6370241641998291,0.38034749031066895,-0.009509125724434853,0.6105536222457886,0.3190832734107971,-0.018068404868245125,0.5934810638427734,0.2824404835700989,-0.02544671669602394,0.5781676769256592,0.24933622777462006,-0.031084824353456497,0.6579060554504395,0.3768126964569092,-0.01768592745065689,0.6362871527671814,0.33004286885261536,-0.025784770026803017,0.6208938956260681,0.30057018995285034,-0.030710600316524506,0.6065996885299683,0.2739514708518982,-0.034517887979745865,hello
0.6849384307861328,0.5383995771408081,-4.2983035797306e-08,0.6476443409919739,0.5410523414611816,-0.008568267337977886,0.6129326820373535,0.5050638914108276,-0.011704368516802788,0.5962550640106201,0.4588680565357208,-0.015876928344368935,0.5934865474700928,0.4212716519832611,-0.019383087754249573,0.6042553186416626,0.4170681834220886,0.0019037040183320642,0.5799275040626526,0.36581888794898987,-0.006579322274774313,0.5651795864105225,0.3333602547645569,-0.015582895837724209,0.5528733134269714,0.3024824261665344,-0.023113418370485306,0.6154923439025879,0.39525723457336426,-0.001709941541776061,0.5867486596107483,0.3378258943557739,-0.009542690590023994,0.569359302520752,0.2991768717765808,-0.01764303259551525,0.5550384521484375,0.26166003942489624,-0.023961693048477173,0.6312509179115295,0.3829613924026489,-0.0077451374381780624,0.6050193309783936,0.3255191445350647,-0.01577780582010746,0.5885111093521118,0.28972235321998596,-0.02222353406250477,0.5739145874977112,0.2568425238132477,-0.02677305042743683,0.6519026756286621,0.37864184379577637,-0.015295527875423431,0.6295152306556702,0.33265525102615356,-0.022609233856201172,0.6144254803657532,0.3036213517189026,-0.026531655341386795,0.6008657813072205,0.2766277492046356,-0.029256287962198257,hello
0.6812378168106079,0.5387500524520874,-2.540560650743373e-08,0.6448787450790405,0.5428785085678101,-0.008688041940331459,0.6102654337882996,0.5085561871528625,-0.011816386133432388,0.5930663347244263,0.46308422088623047,-0.01588863879442215,0.5898629426956177,0.42638739943504333,-0.019261887297034264,0.6032387018203735,0.4205392003059387,0.0019827333744615316,0.5784029364585876,0.3693568706512451,-0.006401436869055033,0.5635813474655151,0.33723583817481995,-0.015215365216135979,0.5513148307800293,0.3067778944969177,-0.02251591347157955,0.6143903732299805,0.3988872766494751,-0.0015135286375880241,0.5859590768814087,0.3431365489959717,-0.009185483679175377,0.5679860711097717,0.3054417371749878,-0.017237253487110138,0.552931010723114,0.2696852385997772,-0.02341572940349579,0.6296274662017822,0.38649722933769226,-0.007449878845363855,0.604062020778656,0.33004361391067505,-0.015109646134078503,0.5877088904380798,0.2956668734550476,-0.021324478089809418,0.5733112692832947,0.2649952173233032,-0.02569880336523056,0.6492820978164673,0.3819422423839569,-0.014926604926586151,0.6274912357330322,0.3372836112976074,-0.021930262446403503,0.6127204298973083,0.30945885181427,-0.02571464143693447,0.5993434190750122,0.2837828993797302,-0.028272634372115135,hello
0.6846808791160583,0.5510518550872803,-1.39139217480988e-07,0.6461034417152405,0.5422065854072571,-0.011019307188689709,0.6130095720291138,0.5052534341812134,-0.017178935930132866,0.5987482070922852,0.4593505859375,-0.024651166051626205,0.6004441380500793,0.4204695224761963,-0.031562987715005875,0.6127291321754456,0.41383010149002075,-0.0009276324999518692,0.5932176113128662,0.36112362146377563,-0.013251098804175854,0.5787166357040405,0.3308452367782593,-0.02556602470576763,0.5663449764251709,0.3036399483680725,-0.03488535061478615,0.6260806918144226,0.3921557068824768,-0.004339268431067467,0.6042467951774597,0.3261759281158447,-0.014454293996095657,0.5870730876922607,0.29222723841667175,-0.02367587201297283,0.5715832114219666,0.2647959887981415,-0.031006671488285065,0.6429362297058105,0.38041940331459045,-0.010611824691295624,0.6215007305145264,0.3178662061691284,-0.020128313452005386,0.6053053736686707,0.28871995210647583,-0.026052160188555717,0.5900267362594604,0.26597294211387634,-0.030430449172854424,0.6641314029693604,0.37871551513671875,-0.018803386017680168,0.6445281505584717,0.32946622371673584,-0.026221897453069687,0.6291710734367371,0.30534040927886963,-0.0291625764220953,0.613945484161377,0.2868606746196747,-0.031566184014081955,hello
0.7070724368095398,0.5557268261909485,-1.1077582229290783e-07,0.6691661477088928,0.5387922525405884,-0.015084600076079369,0.6389089822769165,0.4850640892982483,-0.02072400413453579,0.6291511654853821,0.43125948309898376,-0.025983955711126328,0.6359560489654541,0.3911398947238922,-0.030988872051239014,0.6568623781204224,0.39212170243263245,-0.0031099338084459305,0.6477444171905518,0.3272242546081543,-0.014370135962963104,0.6361863613128662,0.28772029280662537,-0.025023745372891426,0.6265381574630737,0.25883808732032776,-0.03323986381292343,0.67580246925354,0.37529653310775757,-0.003909833263605833,0.6642442941665649,0.2986869812011719,-0.013169409707188606,0.6475557684898376,0.25827017426490784,-0.022256961092352867,0.6329239010810852,0.23242752254009247,-0.028744837269186974,0.6954380869865417,0.3741063177585602,-0.0077564106322824955,0.6866609454154968,0.29546862840652466,-0.021114902570843697,0.6672473549842834,0.2708112597465515,-0.03114645928144455,0.6512904763221741,0.25892242789268494,-0.037449244409799576,0.7161926627159119,0.3896392285823822,-0.012998578138649464,0.6883625388145447,0.3605821430683136,-0.029040852561593056,0.6690046191215515,0.3690451979637146,-0.03691434487700462,0.6563637256622314,0.3833899199962616,-0.040864281356334686,hello
0.7341468930244446,0.5896854996681213,-5.662941404693811e-08,0.6996742486953735,0.5426773428916931,-0.017693525180220604,0.6766692996025085,0.4795359969139099,-0.027401193976402283,0.6749948263168335,0.420552521944046,-0.03701101616024971,0.6888675093650818,0.3794177770614624,-0.045209042727947235,0.7074204683303833,0.39286094903945923,-0.0025474505964666605,0.7052192091941833,0.32974064350128174,-0.016795439645648003,0.702028214931488,0.29023826122283936,-0.03138433024287224,0.6999611854553223,0.2574259340763092,-0.04206259176135063,0.728253960609436,0.38488084077835083,-0.0032288760412484407,0.7258820533752441,0.3109014332294464,-0.013445430435240269,0.7212580442428589,0.2655929923057556,-0.023504357784986496,0.7158567309379578,0.22901874780654907,-0.03176106512546539,0.7478989958763123,0.38913771510124207,-0.007915259338915348,0.7454131245613098,0.31896722316741943,-0.018618805333971977,0.7399023175239563,0.275995671749115,-0.025715461000800133,0.7323295474052429,0.24136288464069366,-0.030903516337275505,0.7680768966674805,0.40713679790496826,-0.015068679116666317,0.7660644054412842,0.34860002994537354,-0.0239784624427557,0.7614626884460449,0.31516584753990173,-0.02748139761388302,0.7539715766906738,0.2867130637168884,-0.030027328059077263,hello
0.7510724663734436,0.6117730140686035,2.240153840205039e-08,0.7149550914764404,0.5614501237869263,-0.01803937740623951,0.695041835308075,0.49404215812683105,-0.026485545560717583,0.6971126794815063,0.4325813353061676,-0.034440699964761734,0.710717499256134,0.3883304297924042,-0.04116455093026161,0.7311227321624756,0.42383256554603577,-0.0039001244585961103,0.7339727878570557,0.35681742429733276,-0.016519436612725258,0.7365190386772156,0.3123793601989746,-0.029282405972480774,0.7400667667388916,0.2706519365310669,-0.039304330945014954,0.7534468173980713,0.4199853539466858,-0.003994713071733713,0.7570112347602844,0.3432372212409973,-0.014835210517048836,0.7584680914878845,0.2916288673877716,-0.025896545499563217,0.7609459757804871,0.24287955462932587,-0.034471191465854645,0.7727971076965332,0.4287077784538269,-0.007629238534718752,0.7773189544677734,0.35574573278427124,-0.018293557688593864,0.7786698341369629,0.30773407220840454,-0.026198839768767357,0.7792305946350098,0.2642015218734741,-0.031606968492269516,0.792269766330719,0.4508554935455322,-0.01358836144208908,0.7966262102127075,0.3907366096973419,-0.02261822670698166,0.7979905009269714,0.3514569401741028,-0.02730148285627365,0.7981125712394714,0.3152123689651489,-0.030437922105193138,hello
0.7505025267601013,0.6313202381134033,9.928097233213862e-10,0.713200569152832,0.5814018249511719,-0.0143027538433671,0.6956608891487122,0.5113991498947144,-0.01933671161532402,0.7004978060722351,0.44864556193351746,-0.024485960602760315,0.7138049006462097,0.40431883931159973,-0.02871398814022541,0.7334029078483582,0.4433351159095764,0.0004478521004784852,0.7374383807182312,0.3750523328781128,-0.009719517081975937,0.7408567070960999,0.33044105768203735,-0.02072005905210972,0.7455703616142273,0.2886766195297241,-0.029820462688803673,0.7557514905929565,0.4392349123954773,-0.0011232303222641349,0.7605465054512024,0.35984382033348083,-0.010061133652925491,0.7631320953369141,0.3070092797279358,-0.020330632105469704,0.7665733695030212,0.25935614109039307,-0.028477275744080544,0.7746492028236389,0.4496184289455414,-0.005930655170232058,0.7805860042572021,0.3757164478302002,-0.015538559295237064,0.7827581167221069,0.32761669158935547,-0.02368321642279625,0.7843064665794373,0.28526002168655396,-0.02941870130598545,0.7941720485687256,0.47336581349372864,-0.012750002555549145,0.7999892830848694,0.4123552739620209,-0.021507970988750458,0.8018208146095276,0.3721834421157837,-0.026724206283688545,0.8028593063354492,0.33568528294563293,-0.030370205640792847,hello
0.7437447309494019,0.6379920840263367,2.5843736040087606e-08,0.7063425183296204,0.5885743498802185,-0.015543301589787006,0.6887077689170837,0.5206871628761292,-0.021322885528206825,0.6915530562400818,0.4576689302921295,-0.027084097266197205,0.7039301991462708,0.4115576446056366,-0.03188628330826759,0.7232188582420349,0.45198342204093933,0.001080330810509622,0.7269575595855713,0.3842443823814392,-0.009172764606773853,0.7298171520233154,0.3390532433986664,-0.020518550649285316,0.7341694831848145,0.2962862253189087,-0.029934918507933617,0.7459807395935059,0.4474947154521942,0.0002657411969266832,0.7500770688056946,0.36960864067077637,-0.008719203993678093,0.7520688772201538,0.31659042835235596,-0.01963244564831257,0.7549052834510803,0.26704639196395874,-0.02838985249400139,0.7652149796485901,0.4569211006164551,-0.003995923791080713,0.770770788192749,0.3839762508869171,-0.013831130228936672,0.7724299430847168,0.33487755060195923,-0.022974515333771706,0.7732294201850891,0.29106253385543823,-0.02948174998164177,0.7849897146224976,0.479221910238266,-0.010320054367184639,0.7900256514549255,0.4189665615558624,-0.01933520846068859,0.7914798259735107,0.3790115714073181,-0.025295542553067207,0.7919490337371826,0.3424166440963745,-0.0296111349016428,hello
0.7387871742248535,0.6329268217086792,4.074131965126071e-08,0.7008458375930786,0.587805986404419,-0.015838097780942917,0.6822071075439453,0.5218667984008789,-0.022370334714651108,0.6851087212562561,0.45996540784835815,-0.028671011328697205,0.6965176463127136,0.41427069902420044,-0.03391114994883537,0.7154127955436707,0.45023953914642334,-0.0015165775548666716,0.7176364660263062,0.3811757564544678,-0.012487033382058144,0.7191840410232544,0.3373395502567291,-0.023656798526644707,0.7220469117164612,0.296407014131546,-0.03261588141322136,0.7378033399581909,0.4461253881454468,-0.0023044452536851168,0.7395014762878418,0.368330180644989,-0.012055589817464352,0.740570604801178,0.31597065925598145,-0.022768670693039894,0.7424963712692261,0.2673575282096863,-0.031099960207939148,0.7570956945419312,0.45532381534576416,-0.006442807614803314,0.7605595588684082,0.382510781288147,-0.016947003081440926,0.7616961002349854,0.33363744616508484,-0.026154588907957077,0.761864960193634,0.28979596495628357,-0.032452065497636795,0.7770941853523254,0.4771327078342438,-0.012547407299280167,0.7803915739059448,0.4164644479751587,-0.022138934582471848,0.7806514501571655,0.3765870928764343,-0.02822626195847988,0.7798057794570923,0.3398137092590332,-0.03240147605538368,hello
0.7364678382873535,0.6271495819091797,5.165123440065145e-08,0.6972026824951172,0.5827372074127197,-0.0162353478372097,0.6773935556411743,0.5187652111053467,-0.023314757272601128,0.6796879768371582,0.4560808837413788,-0.030167410150170326,0.6900087594985962,0.40794745087623596,-0.03602577745914459,0.7085780501365662,0.4468657672405243,-0.0019211728358641267,0.7095367908477783,0.37659090757369995,-0.013010840862989426,0.7105729579925537,0.3320377469062805,-0.024102751165628433,0.7134793996810913,0.2903631031513214,-0.033077631145715714,0.7305036187171936,0.4421655237674713,-0.0025898776948451996,0.730499804019928,0.36459583044052124,-0.012893835082650185,0.7307103276252747,0.31213492155075073,-0.023788081482052803,0.7319719791412354,0.2629005014896393,-0.032163575291633606,0.7500190138816833,0.45020702481269836,-0.006692628841847181,0.751848578453064,0.3763420581817627,-0.017727911472320557,0.7523341178894043,0.3263745903968811,-0.027342647314071655,0.7521921396255493,0.2813735008239746,-0.03381436690688133,0.7708505392074585,0.47017163038253784,-0.012738419696688652,0.7724621891975403,0.4084618389606476,-0.02273414097726345,0.772222638130188,0.367393434047699,-0.029310619458556175,0.7712405323982239,0.3291105329990387,-0.03383231163024902,hello
0.7308496832847595,0.6192518472671509,1.0199759259421626e-08,0.6922443509101868,0.5774357318878174,-0.01370448712259531,0.6720638871192932,0.5126971006393433,-0.018358979374170303,0.671811580657959,0.45124417543411255,-0.023208504542708397,0.6810731887817383,0.4051675498485565,-0.02728586085140705,0.7016317844390869,0.44229817390441895,0.0009975298307836056,0.7006865739822388,0.3735694885253906,-0.009430721402168274,0.7008208632469177,0.32832106947898865,-0.020433269441127777,0.7024458050727844,0.28628838062286377,-0.029321104288101196,0.722671627998352,0.4352891147136688,-0.0005019828677177429,0.7218770980834961,0.35761362314224243,-0.009663866832852364,0.7212844491004944,0.3050238788127899,-0.020226091146469116,0.7217784523963928,0.2562448978424072,-0.0283022690564394,0.742239236831665,0.4422060549259186,-0.0051942369900643826,0.742820680141449,0.36896267533302307,-0.01500527560710907,0.7429766654968262,0.3203814923763275,-0.0238356813788414,0.742965042591095,0.27661433815956116,-0.02983091212809086,0.7630302309989929,0.4617449939250946,-0.011721826158463955,0.7634105086326599,0.4005673825740814,-0.020686065778136253,0.7625207901000977,0.36191070079803467,-0.02606143243610859,0.7613434791564941,0.32654887437820435,-0.02967332862317562,hello
0.7200309634208679,0.6092498302459717,-2.7429114979327096e-08,0.6820787787437439,0.5677759647369385,-0.013458342291414738,0.6612533926963806,0.5018759965896606,-0.018818097189068794,0.6601582169532776,0.44033557176589966,-0.02463012933731079,0.6708541512489319,0.39602723717689514,-0.029713060706853867,0.6878612637519836,0.4297497868537903,0.00032642812584526837,0.6856839060783386,0.36268800497055054,-0.011144030839204788,0.6842237710952759,0.31830981373786926,-0.02291654795408249,0.6839967966079712,0.27690356969833374,-0.03235490620136261,0.7078600525856018,0.42310452461242676,-0.0019027150701731443,0.7060320377349854,0.34526127576828003,-0.01234351098537445,0.7036539912223816,0.29450297355651855,-0.022896815091371536,0.7020987272262573,0.2476118952035904,-0.03088229149580002,0.727462112903595,0.4292183220386505,-0.007307983003556728,0.7260909676551819,0.3532254099845886,-0.018213991075754166,0.7242696285247803,0.305902361869812,-0.025670768693089485,0.7227885723114014,0.2640404999256134,-0.030581045895814896,0.7491354942321777,0.4475404620170593,-0.014628365635871887,0.7474836111068726,0.3851805031299591,-0.024171948432922363,0.7460864186286926,0.34646570682525635,-0.02860700897872448,0.7450673580169678,0.3119560182094574,-0.03147231414914131,hello
0.7055754661560059,0.6014516353607178,-6.337047864235501e-08,0.6678423881530762,0.5615155100822449,-0.015237863175570965,0.6438974738121033,0.4971442222595215,-0.021641353145241737,0.640737771987915,0.4368312656879425,-0.02828490175306797,0.6495727300643921,0.3914043605327606,-0.033854059875011444,0.6680929660797119,0.4173458516597748,-0.0011723232455551624,0.6628291606903076,0.3511861264705658,-0.013897714205086231,0.6579940915107727,0.3074024021625519,-0.026676073670387268,0.6541494131088257,0.26669031381607056,-0.03660798445343971,0.687315821647644,0.4052544832229614,-0.0026750857941806316,0.682488739490509,0.3274616599082947,-0.012977776117622852,0.6763851642608643,0.2786080837249756,-0.022898240014910698,0.6706631183624268,0.23466594517230988,-0.030776705592870712,0.7063081860542297,0.4065464735031128,-0.007722480688244104,0.7007666826248169,0.33393698930740356,-0.01807199791073799,0.6961374878883362,0.2880432605743408,-0.02487887255847454,0.6917667388916016,0.2466830164194107,-0.029782650992274284,0.7277296185493469,0.4219599664211273,-0.015047398395836353,0.7233943939208984,0.36335793137550354,-0.02357124350965023,0.7202581167221069,0.3257039189338684,-0.027135176584124565,0.7169898748397827,0.29061663150787354,-0.02983233705163002,hello
0.6862736940383911,0.5798064470291138,-1.318862814514432e-07,0.6460477113723755,0.5463430881500244,-0.016613438725471497,0.6182299256324768,0.4821476340293884,-0.023754993453621864,0.6124075651168823,0.4236517548561096,-0.030683979392051697,0.6172712445259094,0.3771451711654663,-0.03681878745555878,0.6411954164505005,0.39500439167022705,-0.0056518977507948875,0.6310486793518066,0.3285565972328186,-0.01916981115937233,0.6212856769561768,0.28709104657173157,-0.032345760613679886,0.6133834719657898,0.25084584951400757,-0.04262625798583031,0.6611799001693726,0.3786788880825043,-0.007405937649309635,0.6514878869056702,0.2998034358024597,-0.018414851278066635,0.637535572052002,0.2538607120513916,-0.02847570739686489,0.624136209487915,0.21844740211963654,-0.03640793636441231,0.680054783821106,0.37829020619392395,-0.012553037144243717,0.6676933169364929,0.30551064014434814,-0.025076499208807945,0.6510145664215088,0.27017343044281006,-0.033712662756443024,0.6354026794433594,0.24511563777923584,-0.04009565711021423,0.6988306045532227,0.39435145258903503,-0.019911084324121475,0.6791684031486511,0.3520370125770569,-0.032325781881809235,0.6612092852592468,0.33955472707748413,-0.0379520058631897,0.6449733972549438,0.33419615030288696,-0.04178278520703316,hello
0.6514852046966553,0.5467069149017334,-1.5547021803286043e-07,0.614883542060852,0.525745153427124,-0.014976340346038342,0.5865801572799683,0.47261446714401245,-0.02230498194694519,0.5755829811096191,0.42177918553352356,-0.02985137701034546,0.5733566880226135,0.3778449594974518,-0.03694121539592743,0.5995398759841919,0.3698011040687561,-0.003922250121831894,0.5897232890129089,0.3055438697338104,-0.017234401777386665,0.5773120522499084,0.27322545647621155,-0.03063380718231201,0.5657109022140503,0.25020796060562134,-0.040505796670913696,0.6192760467529297,0.3564646244049072,-0.006415445823222399,0.6106067299842834,0.28175392746925354,-0.01688448153436184,0.5932363271713257,0.24535222351551056,-0.027175458148121834,0.5752889513969421,0.22532665729522705,-0.03527456149458885,0.6383214592933655,0.3611585199832916,-0.012207632884383202,0.6319534778594971,0.2910468578338623,-0.024541417136788368,0.6121482253074646,0.2684221565723419,-0.03366338461637497,0.5918520092964172,0.2607520520687103,-0.04039497673511505,0.6564671397209167,0.3814633786678314,-0.019818231463432312,0.6393412947654724,0.3474293649196625,-0.032518383115530014,0.6201639175415039,0.3472713232040405,-0.03849823772907257,0.6021458506584167,0.35631063580513,-0.04248717427253723,hello
0.6256666779518127,0.5411304235458374,-1.5588911139730044e-07,0.5886856317520142,0.5287889242172241,-0.009655840694904327,0.5578480362892151,0.4753909707069397,-0.012671991251409054,0.5447518229484558,0.4241744577884674,-0.017139818519353867,0.5407261252403259,0.3887147605419159,-0.021036289632320404,0.5579685568809509,0.3895277976989746,0.004518985748291016,0.5431147813796997,0.3328029215335846,-0.0051551819778978825,0.5317187309265137,0.30146461725234985,-0.016095109283924103,0.5202247500419617,0.27543118596076965,-0.024659525603055954,0.5729659795761108,0.367260217666626,0.001123742782510817,0.5564125180244446,0.30062350630760193,-0.006773483473807573,0.5413386821746826,0.26590991020202637,-0.01544603705406189,0.5254769921302795,0.23941709101200104,-0.022166360169649124,0.5901439785957336,0.3569258451461792,-0.005286825820803642,0.5723246335983276,0.29207590222358704,-0.013481990434229374,0.5573690533638,0.26075276732444763,-0.019643381237983704,0.5409914255142212,0.2364739179611206,-0.023948872461915016,0.6104812622070312,0.3578431010246277,-0.013481993228197098,0.5944070219993591,0.30420157313346863,-0.020426016300916672,0.5816881656646729,0.27381131052970886,-0.023475736379623413,0.5683050751686096,0.248261958360672,-0.02580448053777218,hello
0.6047943830490112,0.548038125038147,-2.3147390493249986e-07,0.5660991072654724,0.5302273035049438,-0.005133150145411491,0.5374866127967834,0.48392754793167114,-0.007214420475065708,0.5234866738319397,0.43883705139160156,-0.012418936006724834,0.5135416984558105,0.3962262272834778,-0.017501894384622574,0.5335707664489746,0.39425453543663025,0.010738997720181942,0.5132870674133301,0.3426133990287781,0.0008372303564101458,0.49762973189353943,0.31440281867980957,-0.01108255609869957,0.48328644037246704,0.291219025850296,-0.01999526470899582,0.5447146892547607,0.37277355790138245,0.004678528755903244,0.5200657248497009,0.3086205720901489,-0.003724305657669902,0.5012611150741577,0.27957436442375183,-0.013765159994363785,0.4826815724372864,0.25890591740608215,-0.02147923782467842,0.5594021081924438,0.3596798777580261,-0.004293716978281736,0.5352923274040222,0.2968636155128479,-0.012257685884833336,0.5157945156097412,0.2699548006057739,-0.01865931786596775,0.49563881754875183,0.25020748376846313,-0.023393146693706512,0.578403890132904,0.35615527629852295,-0.014904734678566456,0.5601767301559448,0.3048412799835205,-0.020395049825310707,0.5457191467285156,0.278326153755188,-0.02257763221859932,0.5299726128578186,0.2570847272872925,-0.024699991568922997,hello
0.5864984393119812,0.5419126152992249,-9.993519967110842e-08,0.5477524995803833,0.5336424112319946,-0.003374592401087284,0.5190213918685913,0.49131274223327637,-0.002451546723023057,0.5048202872276306,0.44840919971466064,-0.004079778213053942,0.49216270446777344,0.41211438179016113,-0.005375185515731573,0.5113145112991333,0.4158490300178528,0.014090350829064846,0.4920080900192261,0.3711962103843689,0.00895958486944437,0.4775049388408661,0.3425494134426117,0.0006880672299303114,0.46323078870773315,0.31555917859077454,-0.006399603560566902,0.5201370716094971,0.3933609426021576,0.008756577968597412,0.49657201766967773,0.34018346667289734,0.0047513339668512344,0.47800201177597046,0.3064793050289154,-0.0024750542361289263,0.45978718996047974,0.2763839364051819,-0.008840241469442844,0.5321418642997742,0.37753668427467346,0.0008266536751762033,0.5100517272949219,0.32061880826950073,-0.003943206276744604,0.49457448720932007,0.2887542247772217,-0.00901318620890379,0.4784620404243469,0.26227468252182007,-0.013192625716328621,0.5484616160392761,0.36754417419433594,-0.008555686101317406,0.5297198295593262,0.3199455738067627,-0.012211460620164871,0.5161565542221069,0.2919807732105255,-0.013525676913559437,0.5017405152320862,0.26870396733283997,-0.015101542696356773,hello
0.5688381791114807,0.5435116291046143,-9.935882161471454e-08,0.5300189852714539,0.538360595703125,-0.0009532934636808932,0.5024845004081726,0.4955722391605377,0.0015449816128239036,0.4886586666107178,0.4537680149078369,0.0011771040735766292,0.4764769971370697,0.41990089416503906,0.0008511200430803001,0.49594756960868835,0.4205796718597412,0.01646197773516178,0.47594892978668213,0.3766298294067383,0.013195211067795753,0.4617244005203247,0.3486992418766022,0.0062759676948189735,0.448572039604187,0.3212800621986389,-0.00022772749071009457,0.5031240582466125,0.39923742413520813,0.010604827664792538,0.4784347414970398,0.34689193964004517,0.007878230884671211,0.45991289615631104,0.31227177381515503,0.0008535001543350518,0.4429199695587158,0.278956800699234,-0.0056572044268250465,0.5143161416053772,0.3845231831073761,0.0024193888530135155,0.4920026957988739,0.3286239206790924,-0.0014875622000545263,0.47640907764434814,0.29511287808418274,-0.007112870924174786,0.4606618881225586,0.26510775089263916,-0.012125272303819656,0.5304259061813354,0.3756544589996338,-0.00692452909424901,0.5121874809265137,0.3315824568271637,-0.010218014009296894,0.49862954020500183,0.3043496310710907,-0.012215721420943737,0.48420071601867676,0.279466450214386,-0.014668355695903301,hello
0.553287148475647,0.5426909327507019,-1.351165792584652e-07,0.5155283212661743,0.5374601483345032,-0.0006374481017701328,0.4899442493915558,0.49448832869529724,0.0026472301688045263,0.4775860011577606,0.45203134417533875,0.003258463926613331,0.46490293741226196,0.41808420419692993,0.004057687241584063,0.48471516370773315,0.41959279775619507,0.01618894375860691,0.46336865425109863,0.37993869185447693,0.012560836039483547,0.4476269781589508,0.3530421555042267,0.005587252788245678,0.4335724115371704,0.3266630172729492,-0.0005884026177227497,0.4919118881225586,0.3974480628967285,0.01057371124625206,0.4663705825805664,0.34769630432128906,0.007499959785491228,0.4468877911567688,0.3141181766986847,0.0010599534725770354,0.42951321601867676,0.2831079959869385,-0.004542394541203976,0.502641499042511,0.3824506402015686,0.002757242415100336,0.4793260395526886,0.32990115880966187,-0.0014929785393178463,0.4626699984073639,0.2977410554885864,-0.006350284442305565,0.4465564489364624,0.26930493116378784,-0.010200576856732368,0.5179494023323059,0.3740374445915222,-0.006196998525410891,0.49866896867752075,0.3309110403060913,-0.009273290634155273,0.48440390825271606,0.3038899004459381,-0.010422811843454838,0.47026562690734863,0.2789655923843384,-0.011807406321167946,hello
0.5458864569664001,0.5446252822875977,-1.4152789162835688e-07,0.5064119696617126,0.5383635759353638,0.0023967984598129988,0.4804748594760895,0.4977063834667206,0.006670283153653145,0.4675616919994354,0.45588669180870056,0.007385655306279659,0.4538860023021698,0.42231449484825134,0.007933658547699451,0.47399285435676575,0.419910728931427,0.020769404247403145,0.4522947371006012,0.3789743483066559,0.019139165058732033,0.4370887279510498,0.3516288697719574,0.013137099333107471,0.4227863550186157,0.32446935772895813,0.0071716210804879665,0.4812053442001343,0.39775386452674866,0.013358073309063911,0.4560334384441376,0.34683170914649963,0.011833161115646362,0.43651801347732544,0.3128540813922882,0.005397940054535866,0.4179869294166565,0.2812899351119995,-0.0007724773022346199,0.4921483099460602,0.38239020109176636,0.0038782544434070587,0.4689324200153351,0.32912737131118774,0.0008063389104790986,0.45168355107307434,0.29641780257225037,-0.0042385319247841835,0.43393057584762573,0.26774513721466064,-0.008813358843326569,0.5072766542434692,0.37317153811454773,-0.0065384418703615665,0.4862878620624542,0.32933324575424194,-0.009022076614201069,0.47073161602020264,0.3024027943611145,-0.010059656575322151,0.45495396852493286,0.2781582474708557,-0.011791571043431759,hello
0.5396448373794556,0.5468002557754517,-1.230976494071001e-07,0.4996984302997589,0.5383003354072571,0.0018645648378878832,0.47356224060058594,0.49792930483818054,0.005344183649867773,0.45979586243629456,0.4566270411014557,0.0053527927957475185,0.44450998306274414,0.42464521527290344,0.0051401578821241856,0.4665548503398895,0.42170849442481995,0.019602270796895027,0.44403746724128723,0.37964195013046265,0.01735224574804306,0.4285670518875122,0.35116133093833923,0.010922555811703205,0.4145658016204834,0.3225637674331665,0.004583228379487991,0.4732571840286255,0.39970874786376953,0.012274958193302155,0.4467291235923767,0.34750881791114807,0.010274671949446201,0.4274766147136688,0.3129619359970093,0.003361192997545004,0.4096175730228424,0.2802349328994751,-0.0031655970960855484,0.48431622982025146,0.3845958411693573,0.002918396843597293,0.45983099937438965,0.33041688799858093,-0.0005659570451825857,0.4430389404296875,0.297212690114975,-0.005884494166821241,0.42622989416122437,0.26744407415390015,-0.010682384483516216,0.5004206895828247,0.37554872035980225,-0.007371592801064253,0.47922763228416443,0.3325718641281128,-0.009940819814801216,0.46435385942459106,0.3062734007835388,-0.010981605388224125,0.4495651423931122,0.2818557620048523,-0.012788922525942326,hello
0.5325695872306824,0.5486644506454468,-1.2691619133420318e-07,0.4920412302017212,0.5374832153320312,0.002036032034084201,0.46603870391845703,0.4964682459831238,0.005691990721970797,0.4529576003551483,0.45669806003570557,0.005870696157217026,0.4398556649684906,0.42324507236480713,0.0058372109197080135,0.4592759609222412,0.42046183347702026,0.0196673683822155,0.43683311343193054,0.37909236550331116,0.01743362657725811,0.42104464769363403,0.3506965637207031,0.010821036994457245,0.4065643846988678,0.32216787338256836,0.004156908020377159,0.4659198224544525,0.3983883857727051,0.012182831764221191,0.4391109347343445,0.3470151424407959,0.010390395298600197,0.4198964536190033,0.31316429376602173,0.0031721428968012333,0.401655912399292,0.2807038426399231,-0.0038383204955607653,0.4772855341434479,0.38300973176956177,0.002688110340386629,0.45231756567955017,0.3298162817955017,-0.0007578683434985578,0.4352966547012329,0.2977465093135834,-0.006399002857506275,0.41774043440818787,0.26885098218917847,-0.011637681163847446,0.4934730529785156,0.37394046783447266,-0.007732818368822336,0.4716605246067047,0.3328161835670471,-0.010722753591835499,0.45669806003570557,0.30791139602661133,-0.012324251234531403,0.4415621757507324,0.2843795418739319,-0.014612669125199318,hello
0.5244055390357971,0.5428066253662109,-1.0288155039006597e-07,0.485297292470932,0.5349422693252563,-0.001922090770676732,0.4596283733844757,0.49735620617866516,-0.001111890422180295,0.4472663402557373,0.45744359493255615,-0.0029669124633073807,0.4356742203235626,0.4240047037601471,-0.004777462687343359,0.45419934391975403,0.42232176661491394,0.012247033417224884,0.4319020211696625,0.3797122836112976,0.007954145781695843,0.4160013794898987,0.3514571487903595,0.0006614742451347411,0.401479572057724,0.32307592034339905,-0.006134571973234415,0.4612201750278473,0.40048640966415405,0.006380611564964056,0.4347277581691742,0.34795546531677246,0.0027752197347581387,0.41553059220314026,0.3139522969722748,-0.00455921096727252,0.3975718319416046,0.2821553349494934,-0.01133059337735176,0.4729572534561157,0.384640634059906,-0.0014862061943858862,0.4482802152633667,0.32988280057907104,-0.006142816040664911,0.43135544657707214,0.2971116900444031,-0.01176412869244814,0.41433092951774597,0.26868024468421936,-0.01668013259768486,0.48960384726524353,0.3745277225971222,-0.010511210188269615,0.4684787690639496,0.3323187828063965,-0.014246642589569092,0.45393669605255127,0.30701929330825806,-0.015916304662823677,0.43908923864364624,0.2846236526966095,-0.017961129546165466,hello
0.5260580778121948,0.5442273616790771,-1.2227732781866507e-07,0.48865264654159546,0.53232741355896,-0.0064432742074131966,0.45986300706863403,0.4908440411090851,-0.0096767982468009,0.4464132487773895,0.4492384195327759,-0.014910229481756687,0.43513062596321106,0.411342978477478,-0.01987299695611,0.45846307277679443,0.39922940731048584,0.00503262784332037,0.4391384422779083,0.3491242229938507,-0.004412793088704348,0.4231281876564026,0.3170396685600281,-0.014674318954348564,0.4105522036552429,0.2900258004665375,-0.02244633063673973,0.46987974643707275,0.380673885345459,0.0002449456078466028,0.44812116026878357,0.32004639506340027,-0.0071908337995409966,0.4295690059661865,0.28880539536476135,-0.014160223305225372,0.4151119589805603,0.2650691866874695,-0.019808482378721237,0.48365139961242676,0.37003782391548157,-0.007140552159398794,0.46325626969337463,0.30807599425315857,-0.014328581281006336,0.4453088641166687,0.2806568145751953,-0.017914775758981705,0.43044787645339966,0.2616461515426636,-0.020622562617063522,0.5009920597076416,0.3676774501800537,-0.016207704320549965,0.4853874742984772,0.31596827507019043,-0.021320857107639313,0.4715825915336609,0.2886647880077362,-0.022492703050374985,0.4581991136074066,0.26864734292030334,-0.02361137792468071,hello
0.5439047813415527,0.5364774465560913,-9.083280616550837e-08,0.5068391561508179,0.5147838592529297,-0.012792463414371014,0.4784805178642273,0.4628385901451111,-0.01897473819553852,0.46598735451698303,0.4090495705604553,-0.026328815147280693,0.4634556174278259,0.3632504343986511,-0.032859813421964645,0.491033136844635,0.3688186705112457,0.0007979419315233827,0.48175522685050964,0.3050532341003418,-0.010815326124429703,0.4743044078350067,0.26622357964515686,-0.022543130442500114,0.4672592878341675,0.23314130306243896,-0.03149677440524101,0.5070114135742188,0.3534379303455353,-0.0016406222712248564,0.4959782361984253,0.2773520350456238,-0.011977940797805786,0.4844755232334137,0.23499780893325806,-0.021456193178892136,0.47289609909057617,0.20367157459259033,-0.028532613068819046,0.5240505933761597,0.34888043999671936,-0.007380886003375053,0.5126388072967529,0.27610450983047485,-0.01722908392548561,0.5009729266166687,0.23963400721549988,-0.023510390892624855,0.4885323941707611,0.21385586261749268,-0.027715373784303665,0.5439581871032715,0.3552790880203247,-0.015235569328069687,0.5338214635848999,0.29908058047294617,-0.023488152772188187,0.5235528945922852,0.2652199864387512,-0.027773622423410416,0.5118758082389832,0.23857621848583221,-0.030823716893792152,hello
0.5727001428604126,0.5390064716339111,-4.040346723854782e-08,0.5361865758895874,0.5085251927375793,-0.017612643539905548,0.5120992660522461,0.4459051489830017,-0.025107253342866898,0.5051299929618835,0.38600432872772217,-0.03271088749170303,0.5041784048080444,0.33694988489151,-0.03923051804304123,0.5336557030677795,0.34618571400642395,-0.0030261273495852947,0.5303861498832703,0.2750462293624878,-0.015290875919163227,0.5280279517173767,0.22730469703674316,-0.027775295078754425,0.5267932415008545,0.18521814048290253,-0.03767313435673714,0.5521470308303833,0.33564504981040955,-0.0033786543644964695,0.5472832322120667,0.25621795654296875,-0.013127401471138,0.5417659878730774,0.20827512443065643,-0.022147705778479576,0.5372929573059082,0.16769389808177948,-0.0296303890645504,0.570770263671875,0.3358718454837799,-0.007505365647375584,0.5661699771881104,0.26091209053993225,-0.017648877575993538,0.5604271292686462,0.22175920009613037,-0.023341793566942215,0.5545127391815186,0.1904102861881256,-0.02758163772523403,0.5908277034759521,0.34788253903388977,-0.014267075806856155,0.5829573273658752,0.2896144688129425,-0.022737257182598114,0.5764281153678894,0.2588652968406677,-0.02605487033724785,0.5692898631095886,0.23476384580135345,-0.0286228246986866,hello
0.5951483249664307,0.5431475639343262,1.485331857509209e-08,0.5552737712860107,0.5071110129356384,-0.014503344893455505,0.5319517850875854,0.44027143716812134,-0.019861752167344093,0.5274311304092407,0.37890106439590454,-0.025268374010920525,0.5286195278167725,0.3271883428096771,-0.02967138960957527,0.5569582581520081,0.35315051674842834,-0.002794204279780388,0.5543577671051025,0.28077802062034607,-0.014201134443283081,0.5530211925506592,0.2346126139163971,-0.025520002469420433,0.551790177822113,0.19086335599422455,-0.034526728093624115,0.5767391920089722,0.3421477675437927,-0.0045707011595368385,0.5729749202728271,0.26188594102859497,-0.014620442874729633,0.5700441002845764,0.2074471116065979,-0.024589350447058678,0.5675820112228394,0.1556367129087448,-0.03235636278986931,0.5956534147262573,0.3447880148887634,-0.00951890368014574,0.5934066772460938,0.26797011494636536,-0.019403355196118355,0.5913363099098206,0.21798475086688995,-0.02714596688747406,0.5885275602340698,0.17182639241218567,-0.03262585774064064,0.6158360242843628,0.3609431982040405,-0.016528725624084473,0.6121140122413635,0.2976526916027069,-0.02538624219596386,0.6089203953742981,0.25581613183021545,-0.030336376279592514,0.6050770878791809,0.21689166128635406,-0.033801283687353134,hello
0.5989401936531067,0.5335631370544434,1.1648408104747432e-07,0.5558988451957703,0.5028162002563477,-0.014067040756344795,0.5343568921089172,0.4412040710449219,-0.01954721286892891,0.5305486917495728,0.38225531578063965,-0.02485388144850731,0.5314574241638184,0.3304591774940491,-0.029551563784480095,0.5621432065963745,0.35612842440605164,-0.0035356776788830757,0.5594816207885742,0.28235891461372375,-0.014562531374394894,0.5573505759239197,0.23509153723716736,-0.025163913145661354,0.5566118359565735,0.19141031801700592,-0.03341274708509445,0.5830089449882507,0.3459049165248871,-0.0053536915220320225,0.5773941874504089,0.263872891664505,-0.015728935599327087,0.5738054513931274,0.2058975249528885,-0.026461217552423477,0.5710493922233582,0.15376156568527222,-0.03429925814270973,0.602114737033844,0.35079240798950195,-0.0101163936778903,0.5983380675315857,0.2730827331542969,-0.020886994898319244,0.5959770083427429,0.21988828480243683,-0.030638033524155617,0.5933016538619995,0.1724880039691925,-0.03709372878074646,0.6220151782035828,0.3674313426017761,-0.01656011864542961,0.6185923218727112,0.30232059955596924,-0.026752643287181854,0.6141777634620667,0.2588689923286438,-0.0333700068295002,0.6095816493034363,0.21791331470012665,-0.03771461173892021,hello
0.5964477062225342,0.5418156385421753,8.018047736868539e-08,0.5559028387069702,0.5090324878692627,-0.01166202686727047,0.5334517955780029,0.4455159902572632,-0.016735447570681572,0.5276408791542053,0.38781970739364624,-0.022323843091726303,0.529082179069519,0.33712637424468994,-0.02738545648753643,0.5603178143501282,0.35989800095558167,-0.002033642493188381,0.5546750426292419,0.2864447236061096,-0.013875370845198631,0.5513976812362671,0.23942986130714417,-0.025326916947960854,0.5497205853462219,0.1956847757101059,-0.03429604321718216,0.5798564553260803,0.34986013174057007,-0.00586821511387825,0.5725365281105042,0.2677417993545532,-0.016982436180114746,0.5688152313232422,0.21010875701904297,-0.028116798028349876,0.565830647945404,0.15625998377799988,-0.03623505309224129,0.5989376306533813,0.3546959459781647,-0.012570955790579319,0.5942429900169373,0.2764175236225128,-0.023955082520842552,0.5916010141372681,0.22245027124881744,-0.033429987728595734,0.5883433818817139,0.1738770455121994,-0.03967976197600365,0.6194228529930115,0.37200042605400085,-0.020846758037805557,0.6150999665260315,0.306698739528656,-0.03152072802186012,0.6102575063705444,0.26278889179229736,-0.03762141615152359,0.6046648025512695,0.22212781012058258,-0.04151342064142227,hello
0.5957888960838318,0.5469995737075806,3.0859542476946444e-08,0.5561015605926514,0.5148675441741943,-0.011928862892091274,0.5325799584388733,0.4489312469959259,-0.01638285629451275,0.5258791446685791,0.3891262412071228,-0.02134244330227375,0.5268253087997437,0.337820440530777,-0.025751395151019096,0.5585273504257202,0.36017948389053345,-0.000833513680845499,0.5513122081756592,0.28718557953834534,-0.011251152493059635,0.5464322566986084,0.24082975089550018,-0.0217411071062088,0.5431416034698486,0.19741788506507874,-0.03036407008767128,0.5782772302627563,0.34978121519088745,-0.00413971533998847,0.5694788098335266,0.26817262172698975,-0.014209444634616375,0.5637733936309814,0.21216034889221191,-0.024869348853826523,0.5592733025550842,0.15988990664482117,-0.032913174480199814,0.5972617268562317,0.3552152216434479,-0.010315514169633389,0.5908792018890381,0.2769957184791565,-0.021051563322544098,0.5867884755134583,0.22457543015480042,-0.030250268056988716,0.5824164152145386,0.17695839703083038,-0.03656621277332306,0.6171485781669617,0.37298139929771423,-0.01809554174542427,0.6118559241294861,0.30836406350135803,-0.0285724438726902,0.606558084487915,0.2651080787181854,-0.03483063355088234,0.6010782718658447,0.2245042622089386,-0.03900877386331558,hello
0.5955573916435242,0.5462883710861206,4.493705318964203e-08,0.5551881194114685,0.5129568576812744,-0.011076554656028748,0.5316252112388611,0.4482235312461853,-0.015409336425364017,0.5248266458511353,0.3895719647407532,-0.0202595517039299,0.5245042443275452,0.33814311027526855,-0.02460542321205139,0.5563852190971375,0.35988759994506836,-0.0006798696122132242,0.5486865639686584,0.2877574563026428,-0.010796834714710712,0.5432714223861694,0.24179130792617798,-0.021054426208138466,0.5392297506332397,0.1982063502073288,-0.029539108276367188,0.5759224891662598,0.34883764386177063,-0.004374790005385876,0.5666277408599854,0.26751601696014404,-0.014072363264858723,0.5603597164154053,0.21154993772506714,-0.02436443604528904,0.5549481511116028,0.1593465507030487,-0.03224354609847069,0.5946545600891113,0.35390928387641907,-0.010819574818015099,0.5879747271537781,0.2752684950828552,-0.021209940314292908,0.5837694406509399,0.2225249707698822,-0.030106864869594574,0.5790088772773743,0.17470543086528778,-0.03634556010365486,0.6142638921737671,0.3711705505847931,-0.018781863152980804,0.6092544198036194,0.3065139353275299,-0.028880011290311813,0.6041260361671448,0.262689471244812,-0.03485177457332611,0.5986345410346985,0.2211691439151764,-0.03894062712788582,hello
0.5939381718635559,0.5403931140899658,7.683609482000975e-08,0.5533638596534729,0.5111581683158875,-0.012611184269189835,0.5300355553627014,0.447895884513855,-0.017724230885505676,0.5234162211418152,0.3898905813694,-0.023029696196317673,0.5232877731323242,0.33839744329452515,-0.027768943458795547,0.5538718104362488,0.360491007566452,-0.002740291878581047,0.5467715263366699,0.288392573595047,-0.013872839510440826,0.5414602160453796,0.24185620248317719,-0.02459891512989998,0.5376343727111816,0.19835017621517181,-0.03319459408521652,0.5736742615699768,0.34873321652412415,-0.005729196593165398,0.5642549991607666,0.26760509610176086,-0.01644100435078144,0.5579321384429932,0.21097727119922638,-0.027184581384062767,0.5525369644165039,0.15882180631160736,-0.03512045741081238,0.5930255651473999,0.3525936007499695,-0.011571346782147884,0.5868821144104004,0.2743980288505554,-0.022848576307296753,0.5826729536056519,0.2207968682050705,-0.03245779499411583,0.5777847170829773,0.1731148511171341,-0.03892885893583298,0.6131636500358582,0.368595689535141,-0.018984707072377205,0.6079306602478027,0.30462443828582764,-0.02973521687090397,0.6023481488227844,0.2604915499687195,-0.03631877154111862,0.5963583588600159,0.21929992735385895,-0.04068931192159653,hello
0.5939137935638428,0.5440147519111633,3.932787251414993e-08,0.5527623891830444,0.5136615037918091,-0.01207342091947794,0.5285033583641052,0.45051151514053345,-0.016702722758054733,0.5210508108139038,0.39189252257347107,-0.021667441353201866,0.5201587677001953,0.33972737193107605,-0.02609395980834961,0.5518784523010254,0.36073312163352966,-0.0014558477560058236,0.5430862307548523,0.28892654180526733,-0.011917047202587128,0.5370039343833923,0.242931067943573,-0.02244287170469761,0.5324451327323914,0.19935061037540436,-0.031097447499632835,0.5714209079742432,0.3487834930419922,-0.004662737250328064,0.5610058903694153,0.26870569586753845,-0.014643623493611813,0.554278552532196,0.21356111764907837,-0.025111699476838112,0.5487157702445984,0.16197964549064636,-0.03311111778020859,0.5902175903320312,0.35259708762168884,-0.010743857361376286,0.5828661918640137,0.27548858523368835,-0.021535636857151985,0.5788279175758362,0.22287286818027496,-0.030681125819683075,0.5743966102600098,0.17527371644973755,-0.03702858090400696,0.6098440885543823,0.36849161982536316,-0.018410902470350266,0.6041108965873718,0.3047405779361725,-0.028769314289093018,0.5988527536392212,0.261576384305954,-0.03488200530409813,0.5934733748435974,0.22081801295280457,-0.03906552866101265,hello
0.5890927910804749,0.5453265309333801,-2.5638783540671284e-08,0.5497320294380188,0.5136834979057312,-0.01179481577128172,0.524943470954895,0.4485796093940735,-0.016031067818403244,0.5171687006950378,0.3909457325935364,-0.02079799212515354,0.5145187973976135,0.341136634349823,-0.025230497121810913,0.5463645458221436,0.36277517676353455,-0.0024228058755397797,0.5364974141120911,0.2919839322566986,-0.013672349974513054,0.529778003692627,0.24708455801010132,-0.024730252102017403,0.5241965055465698,0.20469273626804352,-0.03362187743186951,0.5654649138450623,0.34995850920677185,-0.005822934675961733,0.5539133548736572,0.2695041000843048,-0.016371972858905792,0.5457776784896851,0.21552343666553497,-0.027372002601623535,0.5390630960464478,0.1654580980539322,-0.03576904907822609,0.5846027731895447,0.35262471437454224,-0.011922822333872318,0.5764076709747314,0.27482306957244873,-0.022829530760645866,0.5700769424438477,0.22374939918518066,-0.03227866068482399,0.563790500164032,0.1780577450990677,-0.038854099810123444,0.6051369309425354,0.3685760796070099,-0.019608093425631523,0.5980749130249023,0.304988831281662,-0.02979079820215702,0.5917662382125854,0.2624904215335846,-0.035925738513469696,0.5854402184486389,0.22396835684776306,-0.04013274237513542,hello
0.5863393545150757,0.5525703430175781,-5.5743456073287234e-08,0.5430776476860046,0.5195165872573853,-0.013395704329013824,0.5169197916984558,0.45607778429985046,-0.018460553139448166,0.5099785923957825,0.39537882804870605,-0.02417469397187233,0.5085617303848267,0.3424322009086609,-0.029292937368154526,0.5368198752403259,0.36723336577415466,0.0001664360606810078,0.526591956615448,0.2995894253253937,-0.01149803027510643,0.518663763999939,0.2557368874549866,-0.023630067706108093,0.511854350566864,0.21347706019878387,-0.03334192931652069,0.5554023385047913,0.35211992263793945,-0.0026504890993237495,0.5426768064498901,0.273229718208313,-0.013246411457657814,0.533310055732727,0.21938079595565796,-0.0244117584079504,0.5258617997169495,0.16894403100013733,-0.033242058008909225,0.5743737816810608,0.3523264527320862,-0.008828656747937202,0.5656020641326904,0.2752634584903717,-0.019971098750829697,0.5591060519218445,0.22326715290546417,-0.02955804578959942,0.5525755286216736,0.1753460019826889,-0.03638071566820145,0.5959001779556274,0.36537694931030273,-0.016909241676330566,0.5874866843223572,0.3026617467403412,-0.026937231421470642,0.5808688402175903,0.25944775342941284,-0.03306795284152031,0.5738802552223206,0.21860873699188232,-0.03756443411111832,hello
0.5788646340370178,0.5417954921722412,-3.16190273963457e-08,0.537372887134552,0.5176297426223755,-0.01278778538107872,0.5108545422554016,0.4550442099571228,-0.017602544277906418,0.5025799870491028,0.3962790369987488,-0.022833967581391335,0.4994434118270874,0.34660640358924866,-0.027565181255340576,0.5287132859230042,0.3669009506702423,-0.0031493795104324818,0.5169900059700012,0.29791247844696045,-0.014881467446684837,0.5088357329368591,0.2541882395744324,-0.02632768265902996,0.5018965005874634,0.21254758536815643,-0.035471610724925995,0.5465326309204102,0.3519248366355896,-0.00617421418428421,0.5319973230361938,0.2748773992061615,-0.01725064031779766,0.5217078328132629,0.22187486290931702,-0.02835863083600998,0.5132811069488525,0.17190197110176086,-0.03679816424846649,0.5652552843093872,0.3512814939022064,-0.012037116102874279,0.5548465251922607,0.2739419937133789,-0.023420872166752815,0.5473984479904175,0.2231556624174118,-0.03280828520655632,0.5401009917259216,0.17749367654323578,-0.03918829932808876,0.5861531496047974,0.3633248507976532,-0.019593117758631706,0.5771675705909729,0.30016571283340454,-0.03013523854315281,0.5699502229690552,0.25668904185295105,-0.036437708884477615,0.5626040697097778,0.21680492162704468,-0.040704239159822464,hello
0.5700275301933289,0.539393424987793,-2.4790580255285022e-08,0.528840959072113,0.51817786693573,-0.014482134021818638,0.5008649826049805,0.4590429961681366,-0.0202168021351099,0.4916951060295105,0.40117543935775757,-0.026104768738150597,0.4887581467628479,0.3499999940395355,-0.031137434765696526,0.5168982744216919,0.36795100569725037,-0.003284185891970992,0.5034540891647339,0.30158448219299316,-0.015354328788816929,0.4940175712108612,0.2581890821456909,-0.027055183425545692,0.4861834645271301,0.21719714999198914,-0.0362953245639801,0.5339838266372681,0.3515552580356598,-0.005562946666032076,0.5180935263633728,0.27652448415756226,-0.016880467534065247,0.5065024495124817,0.22357028722763062,-0.027804875746369362,0.4969590902328491,0.17394240200519562,-0.03604605421423912,0.5523843169212341,0.3490813970565796,-0.010972726158797741,0.5413851141929626,0.2739487886428833,-0.022594919428229332,0.5332368016242981,0.2244068831205368,-0.031513623893260956,0.5253044962882996,0.17983585596084595,-0.03742651268839836,0.573369026184082,0.3587590157985687,-0.018274199217557907,0.5627584457397461,0.2976303994655609,-0.028845220804214478,0.5548637509346008,0.2561803162097931,-0.0347663089632988,0.5466285943984985,0.21833649277687073,-0.03866560384631157,hello
0.5658868551254272,0.5434594750404358,-1.027031686362534e-07,0.5230041146278381,0.5250716209411621,-0.011181063018739223,0.49184367060661316,0.4693523049354553,-0.015282031148672104,0.4791187047958374,0.4122135043144226,-0.02030472829937935,0.46906593441963196,0.3635692596435547,-0.02480807714164257,0.5016274452209473,0.372876912355423,0.0008237226284109056,0.4878047704696655,0.3078097403049469,-0.009487522765994072,0.47656166553497314,0.26814255118370056,-0.02088000252842903,0.46520042419433594,0.22927246987819672,-0.03032149001955986,0.5184265375137329,0.3537363111972809,-0.0029096875805407763,0.5018240213394165,0.2781524062156677,-0.011858928948640823,0.48876476287841797,0.22918424010276794,-0.022222518920898438,0.47629308700561523,0.1824093908071518,-0.031017303466796875,0.5368105173110962,0.3485831320285797,-0.009614507667720318,0.5235125422477722,0.2727949619293213,-0.019074013456702232,0.5134284496307373,0.22647392749786377,-0.027647238224744797,0.502042829990387,0.18487943708896637,-0.034292880445718765,0.5585021376609802,0.35455647110939026,-0.01811162941157818,0.5462948679924011,0.2936481833457947,-0.026971155777573586,0.5360515117645264,0.25498098134994507,-0.0324445515871048,0.5245336890220642,0.2205449640750885,-0.03685160353779793,hello
0.5581117272377014,0.5426369905471802,-1.0437418040964985e-07,0.5148123502731323,0.5273324847221375,-0.012281082570552826,0.48252731561660767,0.4733695387840271,-0.01750938594341278,0.46759986877441406,0.41747772693634033,-0.02349803037941456,0.4577215909957886,0.3692707419395447,-0.02882343716919422,0.49135062098503113,0.37878891825675964,-0.0025859216693788767,0.47469955682754517,0.3126932382583618,-0.014700683765113354,0.4620139002799988,0.272455096244812,-0.026795512065291405,0.44973698258399963,0.23376885056495667,-0.03648952394723892,0.5069344639778137,0.35861504077911377,-0.0061334362253546715,0.4874601364135742,0.28211265802383423,-0.01677115447819233,0.47264301776885986,0.23422366380691528,-0.027293013408780098,0.4586498439311981,0.1879415661096573,-0.03587886691093445,0.524666965007782,0.35118547081947327,-0.012608085758984089,0.5087015628814697,0.27537479996681213,-0.023152511566877365,0.4968748390674591,0.2292647659778595,-0.031122779473662376,0.48394739627838135,0.18763281404972076,-0.03710184618830681,0.5457429885864258,0.3549889326095581,-0.021015044301748276,0.53216952085495,0.295235276222229,-0.03016628697514534,0.5207516551017761,0.2581329643726349,-0.03506072610616684,0.5075319409370422,0.22616484761238098,-0.03889942541718483,hello
0.5467253923416138,0.5401783585548401,-1.1731415838767134e-07,0.5059154629707336,0.52753746509552,-0.009656844660639763,0.47509512305259705,0.47292888164520264,-0.012875317595899105,0.459305077791214,0.4204666018486023,-0.017287850379943848,0.4451958239078522,0.3788922429084778,-0.02134525775909424,0.4809405505657196,0.3788803219795227,0.0014354189625009894,0.4624158442020416,0.31741055846214294,-0.009235881268978119,0.44757917523384094,0.28023672103881836,-0.020835574716329575,0.4333331286907196,0.2448984682559967,-0.030094515532255173,0.49444252252578735,0.35943886637687683,-0.002781703369691968,0.4731777012348175,0.2871265709400177,-0.011619219556450844,0.45651373267173767,0.2404792606830597,-0.02157643809914589,0.4409145712852478,0.19657664000988007,-0.029890164732933044,0.5104960203170776,0.3521520495414734,-0.009803271852433681,0.49303627014160156,0.27892765402793884,-0.018636133521795273,0.47934746742248535,0.2341860830783844,-0.026388436555862427,0.46506813168525696,0.19474169611930847,-0.03240550309419632,0.5299248099327087,0.35469627380371094,-0.018576325848698616,0.5147262215614319,0.29595932364463806,-0.026415126398205757,0.5025344491004944,0.2584679424762726,-0.031047314405441284,0.4896632730960846,0.2254864126443863,-0.034843239933252335,hello
0.5394524335861206,0.5434547662734985,-1.4875547549308976e-07,0.4976443648338318,0.5293793678283691,-0.007880705408751965,0.4680086672306061,0.47639957070350647,-0.009899047203361988,0.45396435260772705,0.42366257309913635,-0.013640230521559715,0.43975985050201416,0.3816504180431366,-0.017075899988412857,0.4692068099975586,0.3841090202331543,0.00512458011507988,0.45026054978370667,0.3272663354873657,-0.004205270670354366,0.4362598657608032,0.29251229763031006,-0.015220217406749725,0.4228385388851166,0.25997501611709595,-0.02418152056634426,0.48196861147880554,0.36267194151878357,0.00032629104680381715,0.459852010011673,0.2917974591255188,-0.007403599563986063,0.4428755044937134,0.24739159643650055,-0.016817472875118256,0.4270389676094055,0.20721246302127838,-0.025027204304933548,0.4976333975791931,0.3525340259075165,-0.007321992889046669,0.478481262922287,0.28036901354789734,-0.015299543738365173,0.4645984470844269,0.23735398054122925,-0.022989336401224136,0.4505407512187958,0.20060092210769653,-0.02922404184937477,0.5176457762718201,0.3519922196865082,-0.016679903492331505,0.5010641813278198,0.294871985912323,-0.023617366328835487,0.4880450963973999,0.25809067487716675,-0.0281373281031847,0.47417721152305603,0.2264021635055542,-0.0322505459189415,hello
0.5291251540184021,0.5483214259147644,-1.5843728817799274e-07,0.4872289001941681,0.5335168838500977,-0.0038023414090275764,0.459099143743515,0.48299241065979004,-0.0039595612324774265,0.4467616677284241,0.4334888458251953,-0.006765678990632296,0.43224987387657166,0.39405158162117004,-0.00934558641165495,0.4550989270210266,0.38846826553344727,0.01118951290845871,0.43716803193092346,0.3313855230808258,0.0033335608895868063,0.42280179262161255,0.2985779345035553,-0.0071779778227210045,0.4078027009963989,0.2688615918159485,-0.015660036355257034,0.4670710861682892,0.36782652139663696,0.004733693785965443,0.4458019435405731,0.29872292280197144,-0.0013797353021800518,0.42819786071777344,0.2574337124824524,-0.010331448167562485,0.4112734794616699,0.22005201876163483,-0.01827923022210598,0.4823858141899109,0.35741040110588074,-0.004441286437213421,0.46352618932724,0.287291020154953,-0.011178188025951385,0.44890427589416504,0.24716734886169434,-0.0177394300699234,0.43379175662994385,0.2134988158941269,-0.023224111646413803,0.5020816326141357,0.3557644188404083,-0.015065408311784267,0.484517365694046,0.29791128635406494,-0.020625999197363853,0.4702285826206207,0.2631162106990814,-0.023524967953562737,0.4551417827606201,0.23389242589473724,-0.026469679549336433,hello
0.5225667953491211,0.5530080795288086,-1.7275995389809395e-07,0.47895383834838867,0.5425413846969604,-0.003306277096271515,0.4502887427806854,0.4945800304412842,-0.00233840337023139,0.43701449036598206,0.44829052686691284,-0.004263304173946381,0.42304307222366333,0.4120216965675354,-0.005910866893827915,0.4464854300022125,0.40545207262039185,0.01355831976979971,0.4239875078201294,0.35456183552742004,0.006885227281600237,0.4068041741847992,0.32369065284729004,-0.0024783038534224033,0.3905790150165558,0.29637202620506287,-0.009944619610905647,0.4563409090042114,0.38239386677742004,0.00786319375038147,0.43016546964645386,0.31951937079429626,0.0033610579557716846,0.40948987007141113,0.2827041447162628,-0.003815443953499198,0.39054858684539795,0.2509726285934448,-0.010188678279519081,0.4702325761318207,0.36787500977516174,-0.0005650887615047395,0.4460284113883972,0.3045758008956909,-0.00551567692309618,0.42759931087493896,0.27104413509368896,-0.010193665511906147,0.409471333026886,0.24330168962478638,-0.014112275093793869,0.48881131410598755,0.3610745370388031,-0.010589995421469212,0.46832165122032166,0.3086024820804596,-0.013767057098448277,0.4522230327129364,0.2789793014526367,-0.014606410637497902,0.4355201721191406,0.25504976511001587,-0.01593250408768654,hello
0.515229344367981,0.559838593006134,-1.4908519574419188e-07,0.4720185697078705,0.5546911954879761,-0.00044272030936554074,0.4432467818260193,0.5096793174743652,0.0030048731714487076,0.42943480610847473,0.46603018045425415,0.003272675210610032,0.41608303785324097,0.43445679545402527,0.003653852269053459,0.4379963278770447,0.4261726140975952,0.018771328032016754,0.41377270221710205,0.37910813093185425,0.01517205499112606,0.395882248878479,0.34929582476615906,0.007668565958738327,0.3800860047340393,0.3210030794143677,0.000958409917075187,0.4455616772174835,0.4029802083969116,0.012189853936433792,0.41651487350463867,0.3450367748737335,0.009322639554738998,0.3956891596317291,0.307766854763031,0.0020970895420759916,0.3776018023490906,0.2717363238334656,-0.0044041345827281475,0.45767638087272644,0.38597729802131653,0.0031096208840608597,0.43131110072135925,0.3255307972431183,-0.0008883342961780727,0.4131343364715576,0.28994429111480713,-0.0063858977518975735,0.3961722254753113,0.2582908570766449,-0.011008232831954956,0.4749731421470642,0.3745598793029785,-0.007305628154426813,0.45180410146713257,0.32581740617752075,-0.009955469518899918,0.43562641739845276,0.2965466380119324,-0.011078905314207077,0.41979965567588806,0.27079448103904724,-0.01280040480196476,hello
0.5171728134155273,0.5618452429771423,-1.3837205870004254e-07,0.4737979769706726,0.5570191144943237,-0.00021921840379945934,0.44513165950775146,0.5129760503768921,0.003236824180930853,0.4309091866016388,0.4697399139404297,0.0035026497207581997,0.4155026078224182,0.43708500266075134,0.00387301342561841,0.43902772665023804,0.42569369077682495,0.018484504893422127,0.41371577978134155,0.3786909580230713,0.015557542443275452,0.3957202434539795,0.3474864959716797,0.00867188535630703,0.3801901340484619,0.31652137637138367,0.0021062952000647783,0.4465797245502472,0.4031257927417755,0.011849301867187023,0.4160444736480713,0.34369513392448425,0.0093649597838521,0.39526402950286865,0.30586543679237366,0.0024956855922937393,0.3777588903903961,0.26799657940864563,-0.00393963186070323,0.45905938744544983,0.38770294189453125,0.002845891984179616,0.43093040585517883,0.3278859257698059,-0.0009526718640699983,0.41264864802360535,0.29252418875694275,-0.006381257437169552,0.39613282680511475,0.2596621513366699,-0.011168329045176506,0.47687041759490967,0.37726521492004395,-0.007452438585460186,0.4524132013320923,0.329963356256485,-0.010005726478993893,0.43567389249801636,0.30248165130615234,-0.011281331069767475,0.4197065234184265,0.27722984552383423,-0.013254093006253242,hello
0.5174927115440369,0.5615507960319519,-1.3546102195505227e-07,0.47524189949035645,0.5585750341415405,0.0006828467012383044,0.4461270868778229,0.515720009803772,0.004430826287716627,0.4318546950817108,0.47365880012512207,0.004898155108094215,0.4163186550140381,0.4418967068195343,0.005449626129120588,0.4395007789134979,0.4250722825527191,0.01814378798007965,0.4142324924468994,0.37842875719070435,0.015179886482656002,0.3961526155471802,0.3483661115169525,0.008237969130277634,0.380348265171051,0.31831231713294983,0.001680422923527658,0.44687116146087646,0.40172022581100464,0.010986785404384136,0.4155413806438446,0.34232011437416077,0.008520778268575668,0.3943953216075897,0.30428311228752136,0.0016439026221632957,0.37645354866981506,0.2664969265460968,-0.00472010113298893,0.4593246877193451,0.3868148922920227,0.0016374862752854824,0.4307554066181183,0.3269824683666229,-0.0019481972558423877,0.4122624397277832,0.29118993878364563,-0.0073364670388400555,0.39529815316200256,0.25744950771331787,-0.012077469378709793,0.4771724343299866,0.3782195746898651,-0.008883905597031116,0.45271655917167664,0.330436646938324,-0.011098739691078663,0.4360267221927643,0.302517294883728,-0.012163039296865463,0.4200780987739563,0.276505708694458,-0.013939335942268372,hello
0.520868182182312,0.5663810968399048,-1.29097841750081e-07,0.4776187837123871,0.5630777478218079,-7.965974873513915e-06,0.4471331536769867,0.521104097366333,0.0031657456420361996,0.4320240914821625,0.47823792695999146,0.0030028207693248987,0.4162563979625702,0.4442780315876007,0.0029204548336565495,0.4408845901489258,0.42652657628059387,0.01774299144744873,0.41461414098739624,0.3782784938812256,0.014361749403178692,0.39626216888427734,0.34616851806640625,0.007191561162471771,0.3805614411830902,0.31428074836730957,0.0003500406164675951,0.448760062456131,0.40336817502975464,0.010459650307893753,0.4167304039001465,0.34248998761177063,0.00743877561762929,0.39502862095832825,0.30329570174217224,0.00035184426815249026,0.3769126534461975,0.2648366093635559,-0.006192340981215239,0.461659699678421,0.3887062668800354,0.0008400378283113241,0.4324422776699066,0.3271436095237732,-0.003539350116625428,0.4134294092655182,0.290127694606781,-0.009257437661290169,0.39636659622192383,0.25604552030563354,-0.01420755498111248,0.48014575242996216,0.38027018308639526,-0.010032076388597488,0.45513567328453064,0.3330826163291931,-0.013348163105547428,0.43795865774154663,0.3052491247653961,-0.015071160160005093,0.42165178060531616,0.279559850692749,-0.017249738797545433,hello
0.5208936929702759,0.5664834976196289,-1.422532278638755e-07,0.4775605797767639,0.5636933445930481,-0.001226989203132689,0.44794127345085144,0.5221865177154541,0.0015736289788037539,0.4337984621524811,0.48051878809928894,0.001313553424552083,0.419528603553772,0.44725316762924194,0.0013014305150136352,0.44244757294654846,0.42761629819869995,0.015231124125421047,0.41652023792266846,0.37808912992477417,0.011123023927211761,0.3977724611759186,0.34519168734550476,0.0038529352750629187,0.38152840733528137,0.3132610321044922,-0.002867279341444373,0.45057857036590576,0.4039529860019684,0.008750069886446,0.4192587733268738,0.34096595644950867,0.004846556577831507,0.39755815267562866,0.3016294836997986,-0.002261796733364463,0.37959930300712585,0.26370149850845337,-0.008610453456640244,0.46370410919189453,0.3881571590900421,-6.746968574589118e-05,0.43498921394348145,0.3260496258735657,-0.005035371519625187,0.4163088798522949,0.28878167271614075,-0.010862546041607857,0.39972442388534546,0.25516945123672485,-0.015647094696760178,0.48226118087768555,0.3788340985774994,-0.010213692672550678,0.4569484293460846,0.3309740424156189,-0.013577025383710861,0.43979141116142273,0.30290552973747253,-0.015284019522368908,0.4235631227493286,0.27821773290634155,-0.01736368052661419,hello
0.5223833918571472,0.5709627270698547,-1.498507202768451e-07,0.4780871272087097,0.5682370662689209,-5.03454684803728e-05,0.44884026050567627,0.52588951587677,0.0038574961945414543,0.43419936299324036,0.48439866304397583,0.004647759720683098,0.4194389581680298,0.45007744431495667,0.0056582046672701836,0.4442588984966278,0.42879873514175415,0.018098250031471252,0.41827690601348877,0.3779344856739044,0.01477390993386507,0.3994285762310028,0.34444618225097656,0.007865573279559612,0.38321614265441895,0.3121643662452698,0.0014645184855908155,0.45264893770217896,0.4051002562046051,0.011485228314995766,0.421102374792099,0.34210291504859924,0.00802286434918642,0.39971938729286194,0.3026609420776367,0.0007864612271077931,0.38220128417015076,0.262967050075531,-0.005551761016249657,0.46579834818840027,0.38940081000328064,0.002513658022508025,0.43732374906539917,0.3277892768383026,-0.002137177623808384,0.41896703839302063,0.2902728021144867,-0.008093590848147869,0.40265393257141113,0.2550659775733948,-0.012798025272786617,0.48439520597457886,0.38097402453422546,-0.007660006172955036,0.45960870385169983,0.33229589462280273,-0.010226118378341198,0.44258439540863037,0.302893728017807,-0.011585291475057602,0.42646223306655884,0.27624189853668213,-0.013407574966549873,hello
0.5254053473472595,0.5768411159515381,-1.6248920076122886e-07,0.4806256890296936,0.571386456489563,0.00020749660325236619,0.4513363838195801,0.5266430974006653,0.003945560660213232,0.43641793727874756,0.4851808249950409,0.004338713362812996,0.42110469937324524,0.4517739713191986,0.0048649306409060955,0.4460911154747009,0.4313826560974121,0.01810058392584324,0.4199863374233246,0.3792130649089813,0.014423289336264133,0.40107592940330505,0.3451239764690399,0.007154214661568403,0.3847377896308899,0.3128516972064972,0.0004132698231842369,0.4545726180076599,0.4078512191772461,0.011036301963031292,0.4228486716747284,0.3425334393978119,0.007272207178175449,0.40151116251945496,0.3022206127643585,-0.00029416734469123185,0.3837619423866272,0.2620256543159485,-0.007010825909674168,0.4681825637817383,0.39215028285980225,0.001598799368366599,0.4391799569129944,0.3282706141471863,-0.0033295005559921265,0.4205542802810669,0.28970223665237427,-0.009647009894251823,0.403868168592453,0.2540012300014496,-0.014822493307292461,0.4874825179576874,0.3836204409599304,-0.009033753536641598,0.4625919759273529,0.33421531319618225,-0.011954286135733128,0.44543254375457764,0.3050714135169983,-0.01359265111386776,0.4291057586669922,0.2791593670845032,-0.015823546797037125,hello
0.530534029006958,0.5845643877983093,-1.376753999693392e-07,0.48583999276161194,0.5788843035697937,-0.000845176400616765,0.4552866518497467,0.5326594114303589,0.0021789607126265764,0.4391457140445709,0.4870454668998718,0.001974264858290553,0.4211803376674652,0.4523768723011017,0.0018223829101771116,0.4491049349308014,0.4350352883338928,0.01756468042731285,0.4232563376426697,0.3815045952796936,0.013453273102641106,0.404704749584198,0.34701576828956604,0.005580791737884283,0.3885621726512909,0.3135320544242859,-0.001571365282870829,0.45792156457901,0.4107145071029663,0.010674864985048771,0.4264029264450073,0.3444151282310486,0.007098351139575243,0.40499812364578247,0.30249613523483276,-0.0006797571550123394,0.3870258927345276,0.26127511262893677,-0.007681696210056543,0.4717777669429779,0.3957436978816986,0.0013102475786581635,0.4434147775173187,0.329873651266098,-0.0033707988914102316,0.4249284863471985,0.29056400060653687,-0.009553298354148865,0.40791088342666626,0.25368690490722656,-0.014737448655068874,0.491191029548645,0.3881833851337433,-0.009368764236569405,0.46644866466522217,0.3360390365123749,-0.012128817848861217,0.4494481384754181,0.3056087791919708,-0.013487876392900944,0.4331364035606384,0.27777090668678284,-0.015492018312215805,hello
0.5347518920898438,0.5878639817237854,-1.8278147706496384e-07,0.48848432302474976,0.5813941359519958,-0.002012407872825861,0.45753178000450134,0.5354673862457275,-0.00029414569144137204,0.44316694140434265,0.48949944972991943,-0.0018475728575140238,0.43008407950401306,0.45096027851104736,-0.003290788969025016,0.45511117577552795,0.4332864284515381,0.015027457848191261,0.4298572242259979,0.3790278732776642,0.008701729588210583,0.4105980694293976,0.34423646330833435,-0.0009525737259536982,0.39326146245002747,0.3118969798088074,-0.00911618024110794,0.4650838077068329,0.4076231122016907,0.008103839121758938,0.4348521828651428,0.33993101119995117,0.0030015595257282257,0.41319042444229126,0.29859328269958496,-0.005566623527556658,0.3939790725708008,0.2583028972148895,-0.013127686455845833,0.47999057173728943,0.39079219102859497,-0.0014241866301745176,0.45201224088668823,0.32446396350860596,-0.0071347965858876705,0.4330603778362274,0.2865648865699768,-0.012988048605620861,0.41467219591140747,0.2518821954727173,-0.017841918393969536,0.500267505645752,0.3832075297832489,-0.012465407140552998,0.4761469066143036,0.328167587518692,-0.0159279964864254,0.4588783383369446,0.29642611742019653,-0.016927015036344528,0.4413614869117737,0.26867079734802246,-0.01858212612569332,hello
0.5530446171760559,0.5793666243553162,-9.386868526917169e-08,0.5129585266113281,0.5637503862380981,-0.012745850719511509,0.4815260171890259,0.5076017379760742,-0.019191348925232887,0.46810203790664673,0.45598530769348145,-0.026994571089744568,0.46311795711517334,0.4086272120475769,-0.03412582352757454,0.4846245050430298,0.39505645632743835,-0.0013380958698689938,0.46419307589530945,0.3201008439064026,-0.014740610495209694,0.44888484477996826,0.27385473251342773,-0.02739693969488144,0.43978622555732727,0.23281535506248474,-0.03724600374698639,0.5010184049606323,0.37346509099006653,-0.00570331048220396,0.47756701707839966,0.28766515851020813,-0.017005428671836853,0.4592829942703247,0.24287071824073792,-0.02684054896235466,0.4476069211959839,0.20562958717346191,-0.03451472893357277,0.5205205678939819,0.3638842701911926,-0.013292473740875721,0.4977650046348572,0.27867433428764343,-0.025248177349567413,0.47619950771331787,0.2419401854276657,-0.031170567497611046,0.46114400029182434,0.21569958329200745,-0.0353267677128315,0.5435289144515991,0.3662440776824951,-0.02300090342760086,0.5225424766540527,0.3033737242221832,-0.0328398235142231,0.5055082440376282,0.27592235803604126,-0.03560362011194229,0.49227452278137207,0.25829634070396423,-0.03752359747886658,hello
0.6037551164627075,0.5963516235351562,-9.336162776207857e-08,0.5554346442222595,0.5622949004173279,-0.013321217149496078,0.5195616483688354,0.4855228662490845,-0.018744710832834244,0.5061323642730713,0.4152844250202179,-0.025973651558160782,0.5083021521568298,0.366110622882843,-0.032130446285009384,0.5328826904296875,0.36205968260765076,0.005232301075011492,0.524011492729187,0.27888888120651245,-0.007682633586227894,0.5177281498908997,0.22580114006996155,-0.022313455119729042,0.5114486217498779,0.17698945105075836,-0.03444055840373039,0.5555854439735413,0.34418660402297974,7.126502168830484e-05,0.5445348024368286,0.24555130302906036,-0.010026850737631321,0.5379855632781982,0.18709354102611542,-0.020435428246855736,0.5308336019515991,0.1349259465932846,-0.029720894992351532,0.5793022513389587,0.33944112062454224,-0.009331222623586655,0.5673401951789856,0.2438729703426361,-0.019855497404932976,0.5590445399284363,0.19078999757766724,-0.025902915745973587,0.5482242107391357,0.146192267537117,-0.031132783740758896,0.6063830256462097,0.3482801914215088,-0.021475303918123245,0.5924243330955505,0.2710422873497009,-0.030197178944945335,0.5811315774917603,0.2265307754278183,-0.0331847257912159,0.5676288604736328,0.18849614262580872,-0.03624114394187927,hello
0.6338310241699219,0.6087399125099182,-8.154975716934132e-08,0.583267867565155,0.5657652616500854,-0.01609550602734089,0.5487974882125854,0.49150708317756653,-0.025436261668801308,0.5375866889953613,0.4230497479438782,-0.035565998405218124,0.5367831587791443,0.36376428604125977,-0.0448988638818264,0.5752296447753906,0.3597520887851715,-0.007123108953237534,0.5692471265792847,0.2689327001571655,-0.023609494790434837,0.5634020566940308,0.21303415298461914,-0.040074191987514496,0.5571824908256531,0.15918247401714325,-0.05318363755941391,0.600176215171814,0.3452659845352173,-0.011708840727806091,0.5919752717018127,0.2403876781463623,-0.02481882832944393,0.5846430659294128,0.17475268244743347,-0.03753547742962837,0.5770751237869263,0.11231553554534912,-0.04857373610138893,0.6247895956039429,0.34917914867401123,-0.01989138312637806,0.6171656250953674,0.2472284436225891,-0.032458823174238205,0.6096819043159485,0.18589484691619873,-0.041365545243024826,0.5990821719169617,0.13089929521083832,-0.04874378815293312,0.6518222093582153,0.37055811285972595,-0.030634544789791107,0.6462783217430115,0.2892424166202545,-0.0421789288520813,0.6382099390029907,0.23804914951324463,-0.04805261641740799,0.6260955929756165,0.19235186278820038,-0.05281698331236839,hello
0.6408327221870422,0.6153412461280823,-4.845472467707168e-09,0.590803325176239,0.5732765793800354,-0.0170283280313015,0.5574750304222107,0.49714788794517517,-0.026532545685768127,0.5455262660980225,0.4283325970172882,-0.036633554846048355,0.5496418476104736,0.37118372321128845,-0.0461345799267292,0.5893165469169617,0.3747945725917816,-0.007806407753378153,0.5815116167068481,0.28184157609939575,-0.024473952129483223,0.5760598182678223,0.22396768629550934,-0.040354978293180466,0.5719478726387024,0.16841742396354675,-0.05302724614739418,0.6146230101585388,0.3624424934387207,-0.012018349952995777,0.6036156415939331,0.2567368745803833,-0.026667367666959763,0.5958555936813354,0.18802444636821747,-0.04078638553619385,0.5895137786865234,0.12197378277778625,-0.05199624225497246,0.6398195028305054,0.3686400353908539,-0.01977589912712574,0.6312867403030396,0.26622894406318665,-0.03371237590909004,0.6239751577377319,0.20128731429576874,-0.04457208514213562,0.6159088015556335,0.14203938841819763,-0.052585799247026443,0.6670109629631042,0.3918555974960327,-0.02990395575761795,0.6594563722610474,0.30950048565864563,-0.04255193471908569,0.6517506837844849,0.25564712285995483,-0.04973883181810379,0.6431361436843872,0.2056688368320465,-0.05489083006978035,hello
0.6417613625526428,0.6209557056427002,4.56476847432441e-08,0.5921564698219299,0.5824900269508362,-0.018345538526773453,0.5602095127105713,0.5067744255065918,-0.02837553806602955,0.5494734048843384,0.43953871726989746,-0.03854508325457573,0.5519410967826843,0.38031861186027527,-0.0481305867433548,0.5916082262992859,0.384105920791626,-0.01002900768071413,0.5823720097541809,0.29026323556900024,-0.02710685506463051,0.5768666863441467,0.2309749573469162,-0.042813412845134735,0.5733895301818848,0.17547635734081268,-0.05516475811600685,0.6167267560958862,0.37163063883781433,-0.013629305176436901,0.604414701461792,0.26639941334724426,-0.029149385169148445,0.5966947078704834,0.19608527421951294,-0.04398354887962341,0.5910329222679138,0.1283528208732605,-0.05539385974407196,0.6415224671363831,0.37851059436798096,-0.020747320726513863,0.6317378282546997,0.2769694924354553,-0.03570346161723137,0.6250534057617188,0.2099756896495819,-0.04778657853603363,0.6183773875236511,0.14959798753261566,-0.05629202350974083,0.6680874824523926,0.4017212688922882,-0.03014410473406315,0.6600815057754517,0.3193807005882263,-0.04380561411380768,0.6529778242111206,0.26330670714378357,-0.05207076296210289,0.6455546021461487,0.210780069231987,-0.057788241654634476,hello
0.644410252571106,0.623339056968689,6.938967089809012e-08,0.5951910018920898,0.586638331413269,-0.01796133443713188,0.5628721714019775,0.5094655752182007,-0.02738380618393421,0.5517195463180542,0.441697895526886,-0.03684375807642937,0.5543570518493652,0.3832433223724365,-0.04571310803294182,0.5952283143997192,0.3847638666629791,-0.009234611876308918,0.5858747363090515,0.29132014513015747,-0.025642678141593933,0.5795822739601135,0.23220959305763245,-0.04094838723540306,0.575147271156311,0.1767667979001999,-0.05310787633061409,0.6208090782165527,0.37208324670791626,-0.012920942157506943,0.609589159488678,0.2669392228126526,-0.028033511713147163,0.6018247604370117,0.19663800299167633,-0.04262293130159378,0.5951550602912903,0.12938690185546875,-0.053629592061042786,0.6459514498710632,0.37987861037254333,-0.02005668915808201,0.6369661092758179,0.27927911281585693,-0.03483758494257927,0.6304890513420105,0.21292856335639954,-0.04669882357120514,0.623560905456543,0.15283596515655518,-0.05488641932606697,0.6722066402435303,0.4040599465370178,-0.029392646625638008,0.6645011305809021,0.3214287757873535,-0.043067146092653275,0.6571791172027588,0.2658633291721344,-0.050983913242816925,0.649578869342804,0.21385125815868378,-0.056257110089063644,hello
0.647434413433075,0.6257330179214478,3.60491654305406e-08,0.5973089933395386,0.5874091386795044,-0.01668437384068966,0.5656043291091919,0.5090485215187073,-0.025070801377296448,0.5553942918777466,0.44169458746910095,-0.03382210433483124,0.5559861660003662,0.38213568925857544,-0.04210628196597099,0.5980135202407837,0.384334921836853,-0.006921007297933102,0.5886828303337097,0.2914334535598755,-0.022389426827430725,0.5826148986816406,0.23210975527763367,-0.037260401993989944,0.5782832503318787,0.17638100683689117,-0.04920627549290657,0.6237915754318237,0.3724868595600128,-0.01112840510904789,0.6117278933525085,0.26825499534606934,-0.025420941412448883,0.6034724712371826,0.19828245043754578,-0.03966793045401573,0.5966168642044067,0.1312093734741211,-0.05066300556063652,0.648801326751709,0.3800736665725708,-0.018858527764678,0.6393182873725891,0.27884870767593384,-0.03324393928050995,0.6320686936378479,0.20983044803142548,-0.0455043651163578,0.6242521405220032,0.14674100279808044,-0.05416235327720642,0.6750916242599487,0.40379035472869873,-0.02870931103825569,0.6675285696983337,0.3198710083961487,-0.04229985550045967,0.660577118396759,0.26310473680496216,-0.050602711737155914,0.6530771851539612,0.20919010043144226,-0.05633964389562607,hello
0.649800181388855,0.6262444257736206,2.6795158092340898e-08,0.5995675921440125,0.5873269438743591,-0.0177821833640337,0.5666346549987793,0.509419858455658,-0.02703523449599743,0.5545513033866882,0.4400876760482788,-0.0365513451397419,0.5577293634414673,0.3805820047855377,-0.04540188983082771,0.5990134477615356,0.3840450942516327,-0.007149465382099152,0.589310884475708,0.29173505306243896,-0.023097459226846695,0.5829302668571472,0.2333066761493683,-0.038515303283929825,0.5784198045730591,0.17817066609859467,-0.05096817761659622,0.6247988939285278,0.37084677815437317,-0.011015359312295914,0.6126230955123901,0.26744773983955383,-0.02558126300573349,0.6041149497032166,0.19856655597686768,-0.04016967862844467,0.5968939661979675,0.13257229328155518,-0.05146715044975281,0.6498838663101196,0.3778660297393799,-0.01855866052210331,0.6400465369224548,0.27704840898513794,-0.03305920213460922,0.6329709887504578,0.20935039222240448,-0.045359015464782715,0.6255393028259277,0.1475318819284439,-0.05411287397146225,0.6759769320487976,0.4019012749195099,-0.028345856815576553,0.6679909229278564,0.3187698721885681,-0.041871584951877594,0.6609524488449097,0.2628975510597229,-0.05020899698138237,0.6536858081817627,0.21036678552627563,-0.05603951960802078,hello
0.6475726962089539,0.6240626573562622,4.422496502343165e-08,0.5983032584190369,0.5861493349075317,-0.018743840977549553,0.5655643343925476,0.5090923309326172,-0.02855989709496498,0.5535854697227478,0.43963518738746643,-0.038413554430007935,0.555679440498352,0.38038918375968933,-0.04766431078314781,0.5978303551673889,0.3840863108634949,-0.00926483329385519,0.5869353413581848,0.29209786653518677,-0.025925543159246445,0.5793166160583496,0.23339082300662994,-0.041630785912275314,0.5739122629165649,0.1781749725341797,-0.05418308824300766,0.6233641505241394,0.37057390809059143,-0.0129026984795928,0.6109374761581421,0.26638156175613403,-0.028372300788760185,0.601600170135498,0.19633661210536957,-0.04337799549102783,0.5937390923500061,0.12960299849510193,-0.05469493195414543,0.6482583284378052,0.37819167971611023,-0.020107783377170563,0.6386796832084656,0.27811723947525024,-0.03518585115671158,0.6308276653289795,0.21127572655677795,-0.047378119081258774,0.623053252696991,0.15051506459712982,-0.05585332214832306,0.6741695404052734,0.4028392434120178,-0.0296119824051857,0.6657226085662842,0.32029205560684204,-0.04366157576441765,0.6574825048446655,0.26421642303466797,-0.05188516154885292,0.6493415236473083,0.21186009049415588,-0.0573701411485672,hello
0.6446088552474976,0.6227231025695801,2.357226591698236e-08,0.5964045524597168,0.5870693922042847,-0.019978521391749382,0.5622908473014832,0.5095230340957642,-0.030297426506876945,0.5502689480781555,0.4401455521583557,-0.04039483517408371,0.5524656176567078,0.38010144233703613,-0.04987892135977745,0.5933243036270142,0.38596516847610474,-0.011817718856036663,0.5825849175453186,0.2948356866836548,-0.02915625460445881,0.5752154588699341,0.2358056753873825,-0.04518112912774086,0.5694828033447266,0.1804192066192627,-0.05798745155334473,0.619273841381073,0.3719528615474701,-0.0148118045181036,0.6071468591690063,0.26962023973464966,-0.030672842636704445,0.5976942181587219,0.20142240822315216,-0.04570595547556877,0.5892353057861328,0.13611914217472076,-0.05723689869046211,0.644560694694519,0.3788439631462097,-0.021368389949202538,0.6349622011184692,0.27953532338142395,-0.03680969402194023,0.6266516447067261,0.21423065662384033,-0.049168266355991364,0.6180013418197632,0.15521565079689026,-0.057893648743629456,0.6708319187164307,0.4030120074748993,-0.030307035893201828,0.6624115109443665,0.3209632337093353,-0.04480065777897835,0.6545770764350891,0.26596054434776306,-0.05352729558944702,0.6466858983039856,0.21519508957862854,-0.0595058798789978,hello
0.6414417624473572,0.6252603530883789,-7.078992947384677e-09,0.5920515060424805,0.5883469581604004,-0.018522273749113083,0.5587968230247498,0.5110988616943359,-0.02842356637120247,0.5467710494995117,0.4427386224269867,-0.038567155599594116,0.5471768379211426,0.3817428648471832,-0.0482223816215992,0.5887534022331238,0.38778379559516907,-0.010477477684617043,0.5774158239364624,0.2946831285953522,-0.027857961133122444,0.5696813464164734,0.23643890023231506,-0.044036153703927994,0.5636234283447266,0.18156294524669647,-0.056813739240169525,0.6137611865997314,0.3749258816242218,-0.014379015192389488,0.6002150177955627,0.27086830139160156,-0.030200794339179993,0.5903085470199585,0.20310065150260925,-0.045336268842220306,0.5819942355155945,0.13823458552360535,-0.057084016501903534,0.638918399810791,0.38129952549934387,-0.02183203585445881,0.6298068165779114,0.2788925766944885,-0.037247590720653534,0.6218106746673584,0.21302510797977448,-0.04970911517739296,0.6133509278297424,0.15359586477279663,-0.058578234165906906,0.665886402130127,0.404577374458313,-0.03157062828540802,0.657960057258606,0.3207304775714874,-0.04589247331023216,0.6500483751296997,0.26552900671958923,-0.05448293313384056,0.6415453553199768,0.2147708684206009,-0.060486964881420135,hello
0.6370823979377747,0.6299387812614441,1.4228808353777822e-08,0.5880367159843445,0.591526448726654,-0.01689939573407173,0.554884135723114,0.5138123035430908,-0.025587543845176697,0.5422512888908386,0.44674161076545715,-0.034645404666662216,0.5401846766471863,0.38671112060546875,-0.04324071854352951,0.5845344662666321,0.39113563299179077,-0.007741306442767382,0.5706943273544312,0.3005105257034302,-0.024049000814557076,0.5607255697250366,0.24258968234062195,-0.039506182074546814,0.5528190732002258,0.18813706934452057,-0.051915492862463,0.6086678504943848,0.37673550844192505,-0.01231593731790781,0.5934975743293762,0.2750837206840515,-0.027769917622208595,0.5817217826843262,0.207148477435112,-0.04249901697039604,0.5710722208023071,0.14369095861911774,-0.05364895239472389,0.6331459879875183,0.3835676908493042,-0.02037341333925724,0.6229498982429504,0.28237032890319824,-0.03603210672736168,0.6136245131492615,0.21594823896884918,-0.04829661548137665,0.6035186648368835,0.15631654858589172,-0.056762732565402985,0.6593171954154968,0.4073827564716339,-0.03052816540002823,0.6519914269447327,0.3249838650226593,-0.04560649394989014,0.6426530480384827,0.2691890597343445,-0.05424116551876068,0.6318263411521912,0.21816325187683105,-0.05995937064290047,hello
0.626913845539093,0.6351801156997681,-1.5310765988374442e-08,0.5769883394241333,0.598204493522644,-0.015027063898742199,0.5443613529205322,0.518433153629303,-0.02180922031402588,0.5327860116958618,0.4500144422054291,-0.029315104708075523,0.5284262299537659,0.3886764645576477,-0.03633128106594086,0.5722364783287048,0.39737406373023987,-0.003431429388001561,0.5564104914665222,0.30686965584754944,-0.018893098458647728,0.5454002618789673,0.24987055361270905,-0.034005746245384216,0.5369449853897095,0.1967141032218933,-0.04599355161190033,0.5958712100982666,0.3819642961025238,-0.008450467139482498,0.5792451500892639,0.2814636528491974,-0.022854072973132133,0.5664714574813843,0.21491704881191254,-0.037245407700538635,0.5559996366500854,0.15349829196929932,-0.04786493629217148,0.620552659034729,0.38669970631599426,-0.016979843378067017,0.6077615022659302,0.28580164909362793,-0.03163081780076027,0.5972055792808533,0.22091077268123627,-0.04325718805193901,0.5872192978858948,0.16288240253925323,-0.05103084444999695,0.6479025483131409,0.40882956981658936,-0.027553677558898926,0.6385331153869629,0.3259255588054657,-0.04127517715096474,0.628081202507019,0.2717108726501465,-0.048769935965538025,0.6168702840805054,0.2230580747127533,-0.053510766476392746,hello
0.615671694278717,0.6463966369628906,-1.1296910429337004e-07,0.5665920972824097,0.6049174070358276,-0.015605762600898743,0.532555341720581,0.5291705131530762,-0.023006698116660118,0.5185278654098511,0.4611206650733948,-0.03181055188179016,0.516072690486908,0.40279415249824524,-0.039846021682024,0.5513986945152283,0.40895724296569824,-0.0004717335687018931,0.5364433526992798,0.32214295864105225,-0.017134401947259903,0.5247144103050232,0.2662072777748108,-0.03371361270546913,0.514307975769043,0.21526719629764557,-0.04653289169073105,0.5743790864944458,0.3909252882003784,-0.005229052156209946,0.5569676160812378,0.29019200801849365,-0.0194841455668211,0.5432927012443542,0.22589531540870667,-0.0337647944688797,0.531266987323761,0.16686849296092987,-0.04508966952562332,0.5990368127822876,0.3890805244445801,-0.014083929359912872,0.5842553973197937,0.28946125507354736,-0.027955932542681694,0.5727887153625488,0.22695136070251465,-0.03874560445547104,0.5611441731452942,0.1709083467721939,-0.04669243469834328,0.6275072693824768,0.40400463342666626,-0.02542230673134327,0.6149683594703674,0.3266731798648834,-0.03692125156521797,0.6052758693695068,0.27530574798583984,-0.04304109513759613,0.5945371985435486,0.22837267816066742,-0.04781525582075119,hello
0.5999904870986938,0.6490470170974731,-1.4951992000078462e-07,0.5501282811164856,0.6126171350479126,-0.016620561480522156,0.5125188231468201,0.5470362305641174,-0.025643445551395416,0.49808061122894287,0.48007485270500183,-0.0363706536591053,0.4969375431537628,0.4202502369880676,-0.046298377215862274,0.525565505027771,0.4145891070365906,-0.0017874793848022819,0.5082831978797913,0.3336949348449707,-0.018056504428386688,0.49290382862091064,0.2834548354148865,-0.034507740288972855,0.481236070394516,0.23555056750774384,-0.04792199283838272,0.5483788847923279,0.3932383060455322,-0.007811938412487507,0.5297655463218689,0.28978437185287476,-0.02142713963985443,0.5099071860313416,0.232648104429245,-0.03447675332427025,0.4924902021884918,0.1843707114458084,-0.0453934445977211,0.5727808475494385,0.3909968435764313,-0.018047837540507317,0.5537800788879395,0.2887103259563446,-0.03403545171022415,0.5288172960281372,0.24675774574279785,-0.04447118565440178,0.507351279258728,0.21568351984024048,-0.052302926778793335,0.5993689894676208,0.40680819749832153,-0.030773280188441277,0.5701111555099487,0.3391801714897156,-0.04537128284573555,0.5441277027130127,0.31847816705703735,-0.051655080169439316,0.5221708416938782,0.307097464799881,-0.05641685053706169,hello
0.5751644372940063,0.6408770084381104,-1.6388197821015638e-07,0.5265324711799622,0.617006778717041,-0.011393200606107712,0.4890083372592926,0.5585510730743408,-0.018347563222050667,0.47212153673171997,0.4970061779022217,-0.02735760062932968,0.46146145462989807,0.44200998544692993,-0.035797327756881714,0.49115556478500366,0.4372413754463196,0.001757550984621048,0.46967366337776184,0.3601668179035187,-0.013344242237508297,0.4525364339351654,0.3158228397369385,-0.02902456745505333,0.4367055892944336,0.2746446430683136,-0.0411774218082428,0.5094411373138428,0.41427674889564514,-0.004827804397791624,0.4851296842098236,0.3210568428039551,-0.016855863854289055,0.4640933573246002,0.2700166404247284,-0.02919788472354412,0.4439665675163269,0.2253626435995102,-0.039543915539979935,0.5308288335800171,0.4048141837120056,-0.01491625141352415,0.5084677934646606,0.31191596388816833,-0.0270409993827343,0.4886397123336792,0.26564303040504456,-0.03471686691045761,0.46885043382644653,0.2288476675748825,-0.04083355888724327,0.5565870404243469,0.4074566960334778,-0.02717728540301323,0.5349340438842773,0.33444517850875854,-0.03710871562361717,0.5177270770072937,0.29572370648384094,-0.0405617319047451,0.5000982880592346,0.2652076780796051,-0.04361372068524361,hello
0.5580878257751465,0.632116436958313,-1.790579347016319e-07,0.5078199505805969,0.6181334853172302,-0.006399894133210182,0.47212812304496765,0.5609830021858215,-0.007917577400803566,0.45494788885116577,0.5043315291404724,-0.012172618880867958,0.44093167781829834,0.4564571976661682,-0.015894534066319466,0.4720044732093811,0.4485490322113037,0.01038510724902153,0.4461219310760498,0.37965670228004456,-0.0009045451879501343,0.42504969239234924,0.33916109800338745,-0.014119282364845276,0.405399352312088,0.30477842688560486,-0.024034244939684868,0.4850739538669586,0.4252895414829254,0.003965678159147501,0.4550817608833313,0.34170007705688477,-0.005041850730776787,0.43049371242523193,0.29254770278930664,-0.01577174663543701,0.4082825183868408,0.24974502623081207,-0.024424009025096893,0.5019192099571228,0.4125906229019165,-0.005688344594091177,0.4746304154396057,0.32768869400024414,-0.014652451500296593,0.45363959670066833,0.2805212736129761,-0.022286569699645042,0.4331689774990082,0.2432396560907364,-0.027809733524918556,0.5247915983200073,0.4100920855998993,-0.017178069800138474,0.5034308433532715,0.34137630462646484,-0.023517217487096786,0.4852350950241089,0.29930078983306885,-0.026472430676221848,0.46601736545562744,0.2657250761985779,-0.029071761295199394,hello
0.5450266003608704,0.6285065412521362,-1.978301469307553e-07,0.4961952269077301,0.6176211833953857,-0.0027673100121319294,0.4613078832626343,0.5580427050590515,-0.0006789303733967245,0.4439745247364044,0.5034872889518738,-0.0018265960970893502,0.42430049180984497,0.4621122181415558,-0.002956624608486891,0.4574252963066101,0.4506550431251526,0.015207547694444656,0.42990314960479736,0.38724005222320557,0.007459586951881647,0.408767968416214,0.34902825951576233,-0.0033533324021846056,0.38883182406425476,0.3138919472694397,-0.012289151549339294,0.46863508224487305,0.4277918040752411,0.007458506152033806,0.43672066926956177,0.3505991995334625,0.0007672856445424259,0.4117664694786072,0.3035334050655365,-0.009147749282419682,0.38972237706184387,0.25922155380249023,-0.017515162006020546,0.48434242606163025,0.41584718227386475,-0.0032271144445985556,0.45640942454338074,0.33624571561813354,-0.010828748345375061,0.4357320964336395,0.28976863622665405,-0.018695298582315445,0.41630685329437256,0.24941089749336243,-0.024767093360424042,0.5054726004600525,0.4131529629230499,-0.015438957139849663,0.4813602864742279,0.3486606180667877,-0.021564455702900887,0.4624827802181244,0.30881088972091675,-0.024894068017601967,0.44391930103302,0.27429553866386414,-0.028031693771481514,hello
0.5347199440002441,0.6219540238380432,-1.9992010891201062e-07,0.48757922649383545,0.6108357906341553,-0.0022185519337654114,0.4533328413963318,0.5541887283325195,0.0003710669989231974,0.4342270493507385,0.5045533776283264,-0.00012424332089722157,0.41523274779319763,0.46650201082229614,-0.0005897709052078426,0.44939079880714417,0.45280253887176514,0.013138213194906712,0.4205072224140167,0.3900565207004547,0.0057772365398705006,0.39844030141830444,0.3519569933414459,-0.003934946842491627,0.37836194038391113,0.317158579826355,-0.012029901146888733,0.4592140316963196,0.4302443563938141,0.005795776378363371,0.42551949620246887,0.35234200954437256,-0.0008378212223760784,0.3998796045780182,0.3061257004737854,-0.00977398082613945,0.37731337547302246,0.26353657245635986,-0.017231794074177742,0.47364649176597595,0.4170912504196167,-0.004177108407020569,0.44300398230552673,0.3397620618343353,-0.011686070822179317,0.42087322473526,0.29585379362106323,-0.019022561609745026,0.40025728940963745,0.2574971318244934,-0.024566413834691048,0.4937387704849243,0.4127981960773468,-0.015547270886600018,0.4668586254119873,0.35125136375427246,-0.021510638296604156,0.44706687331199646,0.3147447407245636,-0.024554844945669174,0.4280064105987549,0.2837490737438202,-0.027404388412833214,hello
0.5285241007804871,0.6205482482910156,-2.0915646814501088e-07,0.48084115982055664,0.6095646023750305,0.001644991571083665,0.4471948742866516,0.5546504259109497,0.006898451130837202,0.42849135398864746,0.507638156414032,0.008437140844762325,0.41052132844924927,0.47131070494651794,0.009880291298031807,0.4419240653514862,0.4541969299316406,0.01965750753879547,0.4140239953994751,0.3954373896121979,0.015024732798337936,0.39247989654541016,0.3592452108860016,0.006862560752779245,0.37278884649276733,0.3255431056022644,-0.0005277367308735847,0.4509972631931305,0.43173426389694214,0.011168602854013443,0.4173964262008667,0.35848432779312134,0.00653964513912797,0.3919607102870941,0.3146020174026489,-0.0017419442301616073,0.36947059631347656,0.2729659974575043,-0.008929632604122162,0.46505090594291687,0.4182913899421692,0.00023128502652980387,0.43353262543678284,0.3453774154186249,-0.006029737181961536,0.4110531210899353,0.3039270341396332,-0.013020098209381104,0.3899410367012024,0.26727330684661865,-0.018456483259797096,0.48498645424842834,0.4128517508506775,-0.011799351312220097,0.45635417103767395,0.3548000156879425,-0.017108827829360962,0.43588584661483765,0.32058876752853394,-0.019933458417654037,0.4163911044597626,0.2906956672668457,-0.022707343101501465,hello
0.5213894248008728,0.6185638904571533,-1.9415463725636073e-07,0.47507670521736145,0.610336422920227,0.0021843514405190945,0.4424266815185547,0.5548107028007507,0.008855534717440605,0.42534923553466797,0.5092310309410095,0.011827139183878899,0.4082934856414795,0.47592252492904663,0.014804906211793423,0.43676382303237915,0.45724305510520935,0.023078909143805504,0.4091050624847412,0.4035341143608093,0.020334333181381226,0.38727429509162903,0.3697664737701416,0.013246837072074413,0.36808663606643677,0.33818668127059937,0.006317025050520897,0.44549715518951416,0.43344810605049133,0.01457096915692091,0.4123663604259491,0.3665770888328552,0.011780559085309505,0.3868812024593353,0.3247508406639099,0.003722389228641987,0.36491575837135315,0.2843838930130005,-0.003441016422584653,0.45913612842559814,0.4197016954421997,0.003524587256833911,0.42797771096229553,0.3495520353317261,-0.0016837596194818616,0.40510788559913635,0.30810484290122986,-0.009036052972078323,0.3839097321033478,0.27068549394607544,-0.014888112433254719,0.4782121777534485,0.41446104645729065,-0.008542840369045734,0.448637992143631,0.3583622872829437,-0.013983647339046001,0.4282912313938141,0.3248928189277649,-0.017373323440551758,0.40937429666519165,0.2933254837989807,-0.020468831062316895,hello
0.5170186161994934,0.6228655576705933,-1.6676547431870858e-07,0.47087517380714417,0.6133534908294678,0.002081414218991995,0.43768030405044556,0.5605828762054443,0.00838796328753233,0.4200630486011505,0.5175575017929077,0.010956451296806335,0.4027234613895416,0.48627278208732605,0.01371875498443842,0.42921680212020874,0.46142417192459106,0.023048078641295433,0.40280812978744507,0.40609607100486755,0.020386800169944763,0.3814932405948639,0.3707066476345062,0.01365968119353056,0.3625292181968689,0.3391537070274353,0.00708268117159605,0.4373601973056793,0.43907231092453003,0.014661499299108982,0.4057613015174866,0.37308308482170105,0.012096516788005829,0.38089829683303833,0.3308277428150177,0.00482782069593668,0.3591727316379547,0.2921525239944458,-0.0018579356838017702,0.4506383538246155,0.42570194602012634,0.0036919855047017336,0.4205751121044159,0.3584728240966797,-0.0009385519078932703,0.3984823226928711,0.31925535202026367,-0.007374186534434557,0.37760061025619507,0.2855529189109802,-0.012696854770183563,0.46937063336372375,0.41984209418296814,-0.008443295024335384,0.44073405861854553,0.3652620315551758,-0.013740205205976963,0.4202101230621338,0.3329117000102997,-0.01697004772722721,0.40084195137023926,0.3040034770965576,-0.019949207082390785,hello
0.5115636587142944,0.6227664947509766,-1.8260548984017078e-07,0.4666171371936798,0.6114108562469482,0.0015951859531924129,0.4334043860435486,0.5590451955795288,0.006921852473169565,0.41533318161964417,0.5177417397499084,0.008501807227730751,0.398552268743515,0.4847242832183838,0.009985123760998249,0.42646324634552,0.4581950902938843,0.020535798743367195,0.3997037410736084,0.40269988775253296,0.017331484705209732,0.37840408086776733,0.36678558588027954,0.0103409169241786,0.3593432903289795,0.3333890736103058,0.0033581601455807686,0.4345680773258209,0.437803715467453,0.011908339336514473,0.4016033411026001,0.3722257614135742,0.008493193425238132,0.37687158584594727,0.33090314269065857,0.0007350736414082348,0.355552613735199,0.29217299818992615,-0.006336307618767023,0.447894424200058,0.4258972108364105,0.0008476176299154758,0.4163649082183838,0.35769036412239075,-0.0048898630775511265,0.3942738175392151,0.31823697686195374,-0.01141290832310915,0.3739258050918579,0.2833312451839447,-0.01674828864634037,0.4669826030731201,0.4209836721420288,-0.011325438506901264,0.43665093183517456,0.3659151792526245,-0.018140621483325958,0.41567111015319824,0.3325955271720886,-0.021770037710666656,0.3963860273361206,0.30190587043762207,-0.02481992356479168,hello
0.5068981647491455,0.6208261847496033,-1.7331542778720177e-07,0.462094247341156,0.6128281354904175,0.0013255133526399732,0.42993873357772827,0.5605722665786743,0.006441402714699507,0.41277560591697693,0.5181394815444946,0.008023245260119438,0.3953131139278412,0.4874420166015625,0.00964511651545763,0.423579603433609,0.459886372089386,0.01902749016880989,0.3964202404022217,0.40487897396087646,0.015222040005028248,0.3748598098754883,0.3708067834377289,0.008166305720806122,0.3560029864311218,0.3400852680206299,0.0015690573491156101,0.4312390983104706,0.4384738504886627,0.010866492055356503,0.3984455466270447,0.37185028195381165,0.0068062106147408485,0.3740364611148834,0.3301284909248352,-0.0006036992999725044,0.35313743352890015,0.29050391912460327,-0.006949340458959341,0.4444442689418793,0.42581048607826233,0.00032029565772973,0.41375991702079773,0.3575953245162964,-0.0055320062674582005,0.39244985580444336,0.3170018196105957,-0.01195532362908125,0.372803270816803,0.28056690096855164,-0.016863686963915825,0.46337127685546875,0.42074576020240784,-0.01132460031658411,0.43527185916900635,0.36581361293792725,-0.016949068754911423,0.41523265838623047,0.3333074450492859,-0.019907230511307716,0.3965667188167572,0.30443906784057617,-0.0224723182618618,hello
0.5060294270515442,0.621170163154602,-1.613792477428433e-07,0.4606025815010071,0.6128265857696533,0.0014922646805644035,0.42803409695625305,0.5602378249168396,0.007258622441440821,0.4100143313407898,0.5177232027053833,0.00942118838429451,0.3927167057991028,0.4877772331237793,0.011642818339169025,0.42279675602912903,0.46210697293281555,0.021019939333200455,0.39605623483657837,0.40641072392463684,0.01841256022453308,0.3743102550506592,0.37068504095077515,0.011947346851229668,0.35507068037986755,0.3382880687713623,0.005502964369952679,0.43006768822669983,0.4405713379383087,0.012952728196978569,0.3983248472213745,0.37488752603530884,0.01021625380963087,0.37342092394828796,0.3323134481906891,0.0027805278077721596,0.35194873809814453,0.2923363447189331,-0.0039051854982972145,0.44278210401535034,0.4270473122596741,0.0024703338276594877,0.4123114049434662,0.3595256507396698,-0.0022730615455657244,0.3901912271976471,0.31953883171081543,-0.00886955950409174,0.36967700719833374,0.28437477350234985,-0.014191551133990288,0.4611414968967438,0.4201602041721344,-0.009160123765468597,0.4321267008781433,0.36536911129951477,-0.014323422685265541,0.4118247628211975,0.33329519629478455,-0.01744365692138672,0.39318859577178955,0.30450546741485596,-0.020247843116521835,hello
0.5056790709495544,0.6206047534942627,-1.6788503387488163e-07,0.46053630113601685,0.6132142543792725,0.0016982171218842268,0.4275950789451599,0.5609322786331177,0.007889613509178162,0.4094776511192322,0.5179579257965088,0.01049711275845766,0.39221063256263733,0.48821091651916504,0.013099332340061665,0.42230433225631714,0.4628933072090149,0.021334990859031677,0.39536064863204956,0.4075370728969574,0.0194549560546875,0.3739585876464844,0.37174826860427856,0.013621415011584759,0.3552517294883728,0.3388022184371948,0.007457302883267403,0.4296130836009979,0.4409251809120178,0.01327554788440466,0.39734381437301636,0.3750218152999878,0.011018521152436733,0.3728049695491791,0.3331022560596466,0.004027192480862141,0.35176658630371094,0.2937800884246826,-0.0023827888071537018,0.4424821734428406,0.42720621824264526,0.002844693139195442,0.4113023281097412,0.3596785366535187,-0.0018010487547144294,0.3893986642360687,0.32064729928970337,-0.008240805007517338,0.3693334460258484,0.28617537021636963,-0.013461639173328876,0.4612162113189697,0.42003870010375977,-0.008694346062839031,0.43168145418167114,0.3652530908584595,-0.014161020517349243,0.4115152955055237,0.3334392309188843,-0.017504267394542694,0.39312610030174255,0.3045133948326111,-0.020459257066249847,hello
0.5042217373847961,0.6202407479286194,-1.7191592860399396e-07,0.4590055048465729,0.6144106984138489,0.0008908046293072402,0.4261440634727478,0.5619626045227051,0.006157892290502787,0.40837904810905457,0.5189870595932007,0.008017810061573982,0.3909136652946472,0.49041157960891724,0.009856187738478184,0.4205876290798187,0.462954044342041,0.01896223984658718,0.3943599760532379,0.40746867656707764,0.0152916070073843,0.3731990158557892,0.3739818036556244,0.008318011648952961,0.35440289974212646,0.3443889617919922,0.0018053791718557477,0.4280167818069458,0.44121766090393066,0.011005495674908161,0.3954201340675354,0.37389659881591797,0.00706146378070116,0.3710992932319641,0.33228468894958496,-0.000361082871677354,0.350100040435791,0.2933218479156494,-0.006655420176684856,0.44116729497909546,0.4279339909553528,0.0005848183645866811,0.4105754792690277,0.3589867353439331,-0.005295486189424992,0.38961631059646606,0.31851598620414734,-0.011989726684987545,0.3704025149345398,0.2824408710002899,-0.01701616495847702,0.4602498710155487,0.42212143540382385,-0.010937129147350788,0.43087297677993774,0.3669193685054779,-0.01693221740424633,0.4109329581260681,0.3339850604534149,-0.020280765369534492,0.3927080035209656,0.3040788769721985,-0.023057766258716583,hello
0.5041450262069702,0.6217774748802185,-1.5547156806405837e-07,0.45959728956222534,0.6166379451751709,-8.808555321593303e-06,0.42638689279556274,0.5639950633049011,0.004522156435996294,0.4085692763328552,0.5215040445327759,0.005879631265997887,0.3907783627510071,0.49318355321884155,0.007257972378283739,0.42145493626594543,0.464510440826416,0.016861194744706154,0.39460423588752747,0.4086856245994568,0.012766005471348763,0.37329724431037903,0.37443211674690247,0.005618489813059568,0.35490643978118896,0.34393826127052307,-0.0009484842303209007,0.4289158582687378,0.44331836700439453,0.009347609244287014,0.3957022726535797,0.3760805130004883,0.004974355921149254,0.37144091725349426,0.3338176906108856,-0.0025185272097587585,0.351323664188385,0.2939680814743042,-0.008789167739450932,0.44190266728401184,0.4305376708507538,-0.0005570767680183053,0.41137999296188354,0.3619617819786072,-0.00646731723099947,0.3904423713684082,0.3206874430179596,-0.013220539316534996,0.37203076481819153,0.28378140926361084,-0.01830468513071537,0.4607067108154297,0.42503973841667175,-0.011616487056016922,0.4330439567565918,0.37036338448524475,-0.017114685848355293,0.41376155614852905,0.3368488550186157,-0.02030954137444496,0.39648163318634033,0.3068225085735321,-0.02304203249514103,hello
0.5046380758285522,0.6241628527641296,-1.849814879051337e-07,0.4601096212863922,0.6208608746528625,-0.001031904830597341,0.4267609417438507,0.5703644752502441,0.002314455108717084,0.4089910686016083,0.526707112789154,0.0025540287606418133,0.3908897638320923,0.4933176040649414,0.002909727394580841,0.4224987328052521,0.4680418372154236,0.015835588797926903,0.3964037001132965,0.4128056764602661,0.009926014579832554,0.37516409158706665,0.38117071986198425,0.001243853708729148,0.3560568690299988,0.35363444685935974,-0.005989406257867813,0.43112727999687195,0.4456235468387604,0.008493896573781967,0.39906758069992065,0.37942883372306824,0.0028680043760687113,0.37483784556388855,0.3383972644805908,-0.005615535192191601,0.35397136211395264,0.29832422733306885,-0.012575286440551281,0.44482770562171936,0.43192753195762634,-0.001468601985834539,0.4153752624988556,0.36431005597114563,-0.008234398439526558,0.39499443769454956,0.3237536549568176,-0.015265358611941338,0.3763311207294464,0.2864990234375,-0.020436333492398262,0.463980495929718,0.42612236738204956,-0.012679879553616047,0.43681973218917847,0.3714043200016022,-0.01809580996632576,0.41763991117477417,0.33743709325790405,-0.02113182656466961,0.39974576234817505,0.30649179220199585,-0.02381606586277485,hello
0.5091696977615356,0.6324683427810669,-2.2871859073347878e-07,0.465440571308136,0.6249161958694458,-0.0023543729912489653,0.43126052618026733,0.571402370929718,-0.00028043019119650126,0.41374489665031433,0.5229412913322449,-0.0012048440985381603,0.4023958146572113,0.48409855365753174,-0.001959335058927536,0.42931264638900757,0.46989428997039795,0.013114006258547306,0.40458929538726807,0.4133147597312927,0.006124353036284447,0.38501685857772827,0.3793637752532959,-0.003593824105337262,0.36644989252090454,0.3487057089805603,-0.01203012652695179,0.4391515851020813,0.4456356167793274,0.005821576341986656,0.40863102674484253,0.3756664991378784,-0.0009160861372947693,0.38524073362350464,0.3326101303100586,-0.010386098176240921,0.3637468218803406,0.2923516035079956,-0.018454071134328842,0.45374152064323425,0.43077927827835083,-0.004041062202304602,0.4257594645023346,0.3587762117385864,-0.011649609543383121,0.40585198998451233,0.31619805097579956,-0.019183384254574776,0.3861624002456665,0.27926701307296753,-0.02500215359032154,0.47360581159591675,0.42495197057724,-0.015240338630974293,0.4490523040294647,0.36581194400787354,-0.021771177649497986,0.430759459733963,0.32940852642059326,-0.0254066064953804,0.4120873808860779,0.29820770025253296,-0.028678691014647484,hello
0.5244213342666626,0.642411470413208,-2.2285053091763984e-07,0.4781670570373535,0.6277763843536377,-0.005252809263765812,0.44360172748565674,0.5700652599334717,-0.00628769863396883,0.4294074773788452,0.5155918002128601,-0.010302795097231865,0.4224333167076111,0.47163209319114685,-0.014099138788878918,0.4469375014305115,0.4623406231403351,0.010579051449894905,0.42760297656059265,0.3955087959766388,-0.00085776939522475,0.4103546440601349,0.3580656945705414,-0.014158330857753754,0.3927474021911621,0.3299804925918579,-0.024059826508164406,0.46166253089904785,0.4394480884075165,0.0037041176110506058,0.4400251507759094,0.35908153653144836,-0.005137265659868717,0.41893237829208374,0.3150104880332947,-0.015856025740504265,0.39660918712615967,0.28165167570114136,-0.02443193830549717,0.4792999029159546,0.42797452211380005,-0.006294718012213707,0.4559991657733917,0.3487163484096527,-0.015014267526566982,0.4360899031162262,0.31030839681625366,-0.02176099829375744,0.41431617736816406,0.28301072120666504,-0.02678612992167473,0.5004393458366394,0.4270334541797638,-0.018013756722211838,0.47856405377388,0.36210525035858154,-0.024719931185245514,0.46154308319091797,0.32530105113983154,-0.027595197781920433,0.4431646466255188,0.2960784435272217,-0.030204731971025467,hello
0.5408156514167786,0.6591877937316895,-2.1712938291784667e-07,0.49749940633773804,0.6345043182373047,-0.011291496455669403,0.4691712260246277,0.5665699243545532,-0.015218586660921574,0.46074920892715454,0.5026710033416748,-0.020934119820594788,0.45574191212654114,0.4523125886917114,-0.02607562392950058,0.4877471625804901,0.4592674970626831,0.0034644920378923416,0.47563689947128296,0.38634318113327026,-0.01106697041541338,0.46297720074653625,0.34291771054267883,-0.02609034813940525,0.4497567415237427,0.3089478313922882,-0.03671512007713318,0.5069110989570618,0.4392949342727661,-0.000936810567509383,0.49203628301620483,0.35197362303733826,-0.012315033935010433,0.47655636072158813,0.3020830750465393,-0.023337572813034058,0.45899340510368347,0.263534277677536,-0.03135685995221138,0.5264559984207153,0.43135637044906616,-0.009007707238197327,0.5106601119041443,0.347303569316864,-0.01978350803256035,0.49598145484924316,0.3033529818058014,-0.026294173672795296,0.47951534390449524,0.26834622025489807,-0.030406665056943893,0.5481228232383728,0.43779802322387695,-0.019330650568008423,0.5308825373649597,0.36829984188079834,-0.02791736274957657,0.5179018974304199,0.32765522599220276,-0.03134801238775253,0.5037659406661987,0.29276013374328613,-0.03364941105246544,hello
0.5715833902359009,0.6936840415000916,-1.1590726245458427e-07,0.5303375124931335,0.6495477557182312,-0.020949501544237137,0.5011141896247864,0.5773254632949829,-0.032705023884773254,0.49439480900764465,0.5054587125778198,-0.04506797716021538,0.5017842650413513,0.4455288350582123,-0.05588740482926369,0.5305326581001282,0.45880335569381714,-0.004973601084202528,0.5307002067565918,0.3810218870639801,-0.024007568135857582,0.5256267786026001,0.33373889327049255,-0.042356111109256744,0.5191065073013306,0.29249176383018494,-0.05532874912023544,0.5555809140205383,0.44749611616134644,-0.006711739115417004,0.5553412437438965,0.3547327518463135,-0.0226764976978302,0.5456200242042542,0.30071836709976196,-0.03658478334546089,0.5316888093948364,0.2578657865524292,-0.0464635044336319,0.5800003409385681,0.4495042860507965,-0.013025668449699879,0.5766773819923401,0.36292797327041626,-0.02764192223548889,0.5657190680503845,0.319030225276947,-0.0353192538022995,0.5506831407546997,0.28579437732696533,-0.03976567089557648,0.6047000885009766,0.4670334756374359,-0.02233358658850193,0.5957275032997131,0.39421817660331726,-0.032709430903196335,0.5874019861221313,0.3524598181247711,-0.03641440346837044,0.5763664841651917,0.31932419538497925,-0.03874950855970383,hello
0.5991854071617126,0.7353639006614685,-1.1945608946462016e-07,0.5579440593719482,0.6779157519340515,-0.018049132078886032,0.5351852178573608,0.590862512588501,-0.025737851858139038,0.5336888432502747,0.5159258842468262,-0.03423246368765831,0.5349299907684326,0.45264455676078796,-0.04162808880209923,0.5724419951438904,0.49009954929351807,-0.0014078898821026087,0.5713587403297424,0.4092600345611572,-0.01680484600365162,0.5688869953155518,0.35773658752441406,-0.032966457307338715,0.5661371946334839,0.3086409568786621,-0.04531923681497574,0.5971709489822388,0.4804457724094391,-0.004017736297100782,0.5978146195411682,0.3836609721183777,-0.01578795351088047,0.5938438177108765,0.3220941424369812,-0.027649447321891785,0.5864287614822388,0.2691269814968109,-0.037446532398462296,0.619564950466156,0.48724034428596497,-0.011015639640390873,0.6189544796943665,0.39278173446655273,-0.02286435104906559,0.6139567494392395,0.3369237184524536,-0.030903244391083717,0.604976236820221,0.28890740871429443,-0.036787763237953186,0.6425772905349731,0.5112720727920532,-0.020885901525616646,0.6437220573425293,0.43292927742004395,-0.030665311962366104,0.640680730342865,0.3830539882183075,-0.03507525846362114,0.6339877843856812,0.3387110233306885,-0.03860605135560036,hello
0.6162301898002625,0.7485408186912537,-4.468236980414986e-08,0.571558952331543,0.6843665838241577,-0.013889429159462452,0.550157368183136,0.5982203483581543,-0.01911742426455021,0.5489005446434021,0.5263169407844543,-0.02548694610595703,0.5549373030662537,0.4657709002494812,-0.030985847115516663,0.589760422706604,0.5063114762306213,0.004845584277063608,0.5907133221626282,0.423954576253891,-0.007140045054256916,0.5903385281562805,0.3710462749004364,-0.0210277047008276,0.5902640223503113,0.3190153241157532,-0.032516151666641235,0.6143027544021606,0.5007352232933044,0.0008885153220035136,0.6155500411987305,0.4061504006385803,-0.008865086361765862,0.6136786937713623,0.34317874908447266,-0.02063007466495037,0.6118075847625732,0.2831457853317261,-0.03066038154065609,0.6364728808403015,0.5105050206184387,-0.007071834057569504,0.6383114457130432,0.4198325276374817,-0.016526952385902405,0.6363424062728882,0.36169326305389404,-0.024623146280646324,0.6330272555351257,0.30758902430534363,-0.031396009027957916,0.6595982909202576,0.5355688333511353,-0.017603978514671326,0.6604551076889038,0.462220162153244,-0.02598346583545208,0.6582337617874146,0.41275644302368164,-0.030538151040673256,0.6546830534934998,0.3666785657405853,-0.034440696239471436,hello
0.6198970079421997,0.7509795427322388,-2.317496949899578e-08,0.5755682587623596,0.688043475151062,-0.012791622430086136,0.5537535548210144,0.6039939522743225,-0.017304042354226112,0.5514876246452332,0.5340676307678223,-0.02327338606119156,0.5575059056282043,0.47281643748283386,-0.028491709381341934,0.5924850702285767,0.5113628506660461,0.007595187518745661,0.59244304895401,0.4305325150489807,-0.0034485606011003256,0.5923858880996704,0.37779760360717773,-0.016939327120780945,0.5930036306381226,0.32623058557510376,-0.02835279144346714,0.6171578168869019,0.5046876072883606,0.002881502266973257,0.6175684928894043,0.41082489490509033,-0.006099979858845472,0.6155654788017273,0.34803786873817444,-0.018134014680981636,0.6136648058891296,0.2879500985145569,-0.028517000377178192,0.6390834450721741,0.5137597918510437,-0.005902789533138275,0.641115665435791,0.42398619651794434,-0.01504511572420597,0.6396887302398682,0.3647804260253906,-0.024017030373215675,0.6366845965385437,0.3099205493927002,-0.031548142433166504,0.6618088483810425,0.5378345847129822,-0.01711159385740757,0.6635230779647827,0.46444088220596313,-0.025512468069791794,0.661778450012207,0.4152991771697998,-0.03052023984491825,0.6582485437393188,0.3690448999404907,-0.03484415262937546,hello
0.6236274838447571,0.7546368837356567,4.8931481089198314e-09,0.5785766243934631,0.6923273801803589,-0.0145646370947361,0.5566684007644653,0.6054949760437012,-0.019701506942510605,0.5542230606079102,0.5333156585693359,-0.02603888511657715,0.5592376589775085,0.47125717997550964,-0.031644128262996674,0.5948242545127869,0.5133236050605774,0.00579123804345727,0.5930840969085693,0.4294856786727905,-0.006158158648759127,0.5926336050033569,0.3759459853172302,-0.020039675757288933,0.5936461687088013,0.3238871991634369,-0.03160886466503143,0.6193984746932983,0.5055899620056152,0.001561317010782659,0.618433952331543,0.4106602370738983,-0.008645392954349518,0.6162204742431641,0.34690919518470764,-0.02123948186635971,0.614188015460968,0.28645509481430054,-0.031615275889635086,0.641267716884613,0.5151919722557068,-0.0069181546568870544,0.6426854133605957,0.42467471957206726,-0.01750306971371174,0.6411563754081726,0.3637915849685669,-0.027337992563843727,0.6383163928985596,0.30725473165512085,-0.03499991446733475,0.6637240052223206,0.5403666496276855,-0.01790088787674904,0.6658385396003723,0.46573784947395325,-0.02768118493258953,0.6646740436553955,0.4156387150287628,-0.03352123498916626,0.6619440317153931,0.36874493956565857,-0.038116637617349625,hello
0.6255344748497009,0.7555490732192993,-2.2215889572407832e-08,0.5817357301712036,0.6924663186073303,-0.015095126815140247,0.5596063137054443,0.6065965294837952,-0.02102610468864441,0.5567871332168579,0.5352911353111267,-0.028077859431505203,0.5609315037727356,0.4722365736961365,-0.0343577042222023,0.5971413850784302,0.5126441121101379,0.004239416681230068,0.5948207974433899,0.4293220043182373,-0.00822434388101101,0.5939856171607971,0.37655359506607056,-0.02237103506922722,0.5948176980018616,0.32529592514038086,-0.0340602844953537,0.6219091415405273,0.5061973929405212,0.00010846772784134373,0.6203465461730957,0.41149649024009705,-0.010536042973399162,0.6181294322013855,0.3488479256629944,-0.02312725968658924,0.6166155934333801,0.2895219326019287,-0.033608146011829376,0.6444183588027954,0.5165915489196777,-0.00825097132474184,0.6453839540481567,0.4258482754230499,-0.018971102312207222,0.6433740258216858,0.3667779564857483,-0.02835736982524395,0.6404097080230713,0.31193795800209045,-0.035826925188302994,0.6677248477935791,0.5424175262451172,-0.019182126969099045,0.6682074069976807,0.46796196699142456,-0.028937581926584244,0.6658818125724792,0.4182358682155609,-0.03451835736632347,0.6621530055999756,0.37186819314956665,-0.038992639631032944,hello
0.6324752569198608,0.7592006325721741,-3.068493370506076e-08,0.5868774652481079,0.6977417469024658,-0.014148067682981491,0.5641135573387146,0.6120177507400513,-0.01934494823217392,0.5607523918151855,0.5421357154846191,-0.02575543522834778,0.5638716220855713,0.4786427319049835,-0.0316011980175972,0.6015157699584961,0.5177431702613831,0.00459890253841877,0.5992690324783325,0.4346925616264343,-0.007119226269423962,0.5980240106582642,0.3824477791786194,-0.020720647647976875,0.5977884531021118,0.33062025904655457,-0.032167043536901474,0.6269292831420898,0.5115872025489807,9.77494491962716e-05,0.6252574920654297,0.41702231764793396,-0.009922968223690987,0.6220309734344482,0.3542613387107849,-0.022497061640024185,0.6187712550163269,0.29408857226371765,-0.03309054300189018,0.6494436860084534,0.5219764709472656,-0.008473576046526432,0.6503748297691345,0.4311544597148895,-0.018953837454319,0.647864580154419,0.37081456184387207,-0.029067212715744972,0.6435220241546631,0.3143923282623291,-0.037135254591703415,0.6725232601165771,0.5471833944320679,-0.019415726885199547,0.6727226972579956,0.47153156995773315,-0.029234129935503006,0.6693142652511597,0.4219239354133606,-0.03513303026556969,0.6640346050262451,0.37575021386146545,-0.03991895169019699,hello
0.6384992003440857,0.7717621922492981,-7.56756701747463e-09,0.5928158760070801,0.7101849913597107,-0.016094328835606575,0.5697048902511597,0.6259148120880127,-0.022491784766316414,0.56659996509552,0.5537991523742676,-0.029512658715248108,0.5697530508041382,0.4870094358921051,-0.035714633762836456,0.6065148115158081,0.5313110947608948,0.0012715688208118081,0.6044780611991882,0.44727590680122375,-0.012001348659396172,0.6030700206756592,0.39348432421684265,-0.026264941319823265,0.602575957775116,0.34094369411468506,-0.037868302315473557,0.6318544745445251,0.5241685509681702,-0.002038289327174425,0.6303067803382874,0.4294348359107971,-0.013429672457277775,0.6269639134407043,0.36731332540512085,-0.02609190158545971,0.6239780783653259,0.3074952960014343,-0.03634336590766907,0.6547762155532837,0.5334015488624573,-0.009432298131287098,0.6556945443153381,0.44099316000938416,-0.02099771797657013,0.6536576151847839,0.382352352142334,-0.030368955805897713,0.6501756310462952,0.32742589712142944,-0.0374164916574955,0.6786521673202515,0.5584056973457336,-0.019344162195920944,0.6807277202606201,0.4833257794380188,-0.0295608788728714,0.6790032982826233,0.4328167736530304,-0.035080794245004654,0.6754927039146423,0.3850550353527069,-0.03924735262989998,hello
0.6462293267250061,0.791191816329956,-3.0815435536624136e-08,0.600807785987854,0.7279547452926636,-0.016511214897036552,0.578702986240387,0.6418320536613464,-0.02378031797707081,0.5807225704193115,0.5723651051521301,-0.03134956210851669,0.5827692747116089,0.5109726190567017,-0.03817816823720932,0.6180679798126221,0.5523439049720764,-0.003934889566153288,0.6178827881813049,0.4706565737724304,-0.018539875745773315,0.6160690784454346,0.4199056923389435,-0.0332203209400177,0.6133192777633667,0.37096261978149414,-0.04461626708507538,0.645083487033844,0.5497073531150818,-0.006796491332352161,0.6451176404953003,0.4576154351234436,-0.01971258781850338,0.640404224395752,0.39525938034057617,-0.03301776573061943,0.6343514323234558,0.3368043899536133,-0.04347106069326401,0.6691057085990906,0.5639411211013794,-0.013350577093660831,0.6706669926643372,0.47445932030677795,-0.02578124962747097,0.6663365960121155,0.4171364903450012,-0.036039795726537704,0.659405529499054,0.3650408387184143,-0.04346061125397682,0.6933459639549255,0.5938340425491333,-0.022229040041565895,0.6976830363273621,0.521910548210144,-0.03333672881126404,0.6963809728622437,0.4721071124076843,-0.040080923587083817,0.6921443939208984,0.42554378509521484,-0.044889867305755615,hello
0.6563478708267212,0.8444789052009583,-1.2362933432541467e-07,0.6145616769790649,0.7652337551116943,-0.010746828280389309,0.5974636077880859,0.6705356240272522,-0.015195855870842934,0.6007618308067322,0.5995081663131714,-0.020865028724074364,0.6055285334587097,0.5385761857032776,-0.026027319952845573,0.6395456790924072,0.5940118432044983,0.003884514095261693,0.6438950300216675,0.5144258737564087,-0.008504414930939674,0.643818199634552,0.46693485975265503,-0.023216620087623596,0.6422568559646606,0.4200919270515442,-0.03524952381849289,0.665205717086792,0.5998030304908752,-0.0013129512080922723,0.6693598031997681,0.5084068179130554,-0.011964828707277775,0.665094256401062,0.4537520408630371,-0.02527068555355072,0.6581964492797852,0.40004265308380127,-0.036655690521001816,0.6869859099388123,0.6178047060966492,-0.009844068437814713,0.6929768919944763,0.529524564743042,-0.020601676777005196,0.6869218945503235,0.4774845838546753,-0.029360009357333183,0.6759798526763916,0.43355345726013184,-0.036408234387636185,0.7094488739967346,0.6509289145469666,-0.020406490191817284,0.7155255675315857,0.577804446220398,-0.030337898060679436,0.7106837630271912,0.5293108224868774,-0.035709645599126816,0.7003530859947205,0.4881914258003235,-0.04002026841044426,hello
0.6594569683074951,0.8838244676589966,-1.2146077210672956e-07,0.6261552572250366,0.8054457306861877,-0.0153872761875391,0.6135147213935852,0.7149178385734558,-0.02391575276851654,0.6206687688827515,0.6474564075469971,-0.03305702656507492,0.6330580711364746,0.5922449231147766,-0.041691720485687256,0.6610603332519531,0.6508857011795044,-0.003260744037106633,0.6682281494140625,0.5746228694915771,-0.018582426011562347,0.6684255003929138,0.5292544364929199,-0.03539935126900673,0.6685028076171875,0.48415297269821167,-0.04929725453257561,0.6846563816070557,0.6628071665763855,-0.00751403346657753,0.6929892897605896,0.5777673721313477,-0.022143006324768066,0.6892945170402527,0.5257564783096313,-0.03866821154952049,0.6841406226158142,0.4728514552116394,-0.05254236236214638,0.7039054036140442,0.6866642832756042,-0.015157559886574745,0.7158523797988892,0.6066386103630066,-0.030054060742259026,0.7113747596740723,0.5598340034484863,-0.041355885565280914,0.7013083100318909,0.519642174243927,-0.05003144219517708,0.7223289012908936,0.7256086468696594,-0.024894267320632935,0.7336317300796509,0.660455048084259,-0.038524676114320755,0.7307497262954712,0.6198001503944397,-0.04586990550160408,0.720591127872467,0.5858502388000488,-0.051589272916316986,hello
0.6660193204879761,0.917178750038147,2.4810333343339153e-08,0.636653482913971,0.8435631990432739,-0.015255340375006199,0.6289546489715576,0.7574840784072876,-0.022790363058447838,0.6372522115707397,0.6911166310310364,-0.03019261546432972,0.6519257426261902,0.6385537981987,-0.036802247166633606,0.6778674125671387,0.7030907869338989,-0.0035517283249646425,0.6897095441818237,0.6336450576782227,-0.016776734963059425,0.6936623454093933,0.5899211168289185,-0.03055957704782486,0.6975151300430298,0.5481312274932861,-0.041739724576473236,0.7010197043418884,0.7163851261138916,-0.005853958427906036,0.712813138961792,0.639319896697998,-0.01775735802948475,0.7141697406768799,0.5868885517120361,-0.03071013279259205,0.7143923044204712,0.5355287790298462,-0.041014302521944046,0.7195625901222229,0.7446653246879578,-0.011311064474284649,0.7347837090492249,0.6700107455253601,-0.02422555722296238,0.7343553900718689,0.6214734315872192,-0.03402906283736229,0.730144739151001,0.5774900317192078,-0.04082437604665756,0.7369869351387024,0.7875882387161255,-0.01863212138414383,0.7522932887077332,0.7279558181762695,-0.032180022448301315,0.752098023891449,0.6839325428009033,-0.03988848254084587,0.7463791370391846,0.6437615156173706,-0.044755544513463974,hello
0.6736165881156921,0.9521974921226501,-6.699785615182918e-08,0.6473372578620911,0.8696460127830505,-0.014995817095041275,0.6389467716217041,0.787510335445404,-0.02299947664141655,0.648647665977478,0.7211480140686035,-0.03141118213534355,0.666471540927887,0.6712483763694763,-0.038976848125457764,0.6889889240264893,0.7340502738952637,-0.0008879303350113332,0.7019426226615906,0.6647579073905945,-0.01309474278241396,0.7059215903282166,0.6243807673454285,-0.02652396261692047,0.7110345363616943,0.5827473998069763,-0.038030073046684265,0.7136510014533997,0.7504564523696899,-0.0037895578425377607,0.7291643619537354,0.6739352941513062,-0.014559542760252953,0.7321681976318359,0.6280456781387329,-0.02696586772799492,0.7345118522644043,0.5796036124229431,-0.037978801876306534,0.7325228452682495,0.7806016802787781,-0.010138505138456821,0.7523130774497986,0.7082698345184326,-0.02278226613998413,0.7546488046646118,0.6649746298789978,-0.03215542435646057,0.7517377734184265,0.6226302981376648,-0.03944849595427513,0.7487092018127441,0.8243073225021362,-0.01846490427851677,0.7667242288589478,0.7672972679138184,-0.03135287016630173,0.7674847841262817,0.7260583639144897,-0.03855769708752632,0.7613815665245056,0.6859158277511597,-0.0439690463244915,hello
0.6763629913330078,0.9623401165008545,-9.764467989725745e-08,0.6521473526954651,0.881385862827301,-0.013978170230984688,0.6454113125801086,0.799927830696106,-0.02162904478609562,0.6547374725341797,0.7357581853866577,-0.029923971742391586,0.671251654624939,0.686927318572998,-0.03770791366696358,0.6945276856422424,0.7462859153747559,-0.0010394658893346786,0.7082552909851074,0.67992103099823,-0.013344110921025276,0.712992787361145,0.6423504948616028,-0.027060307562351227,0.7193268537521362,0.6018832921981812,-0.039035387337207794,0.7194119095802307,0.7638502717018127,-0.00462226290255785,0.7364577651023865,0.6895365118980408,-0.015296646393835545,0.7402291893959045,0.6463920474052429,-0.028460543602705002,0.7439746260643005,0.5980928540229797,-0.040478579699993134,0.7383386492729187,0.7948161363601685,-0.011435287073254585,0.7596912384033203,0.7246791124343872,-0.023852653801441193,0.7624033093452454,0.6836047768592834,-0.03397161141037941,0.7598616480827332,0.6424077749252319,-0.04217115044593811,0.7540022134780884,0.8398128151893616,-0.02011031098663807,0.7721191644668579,0.7839797735214233,-0.03257742151618004,0.7741235494613647,0.7449831962585449,-0.040068089962005615,0.7695371508598328,0.7059981822967529,-0.04608163982629776,hello
0.6786962151527405,0.962470293045044,-7.866523077382226e-08,0.6542035341262817,0.8835992813110352,-0.014723937958478928,0.6470006108283997,0.8005818724632263,-0.022646386176347733,0.6561636924743652,0.7361109256744385,-0.03103376366198063,0.6728513836860657,0.6874029040336609,-0.03876236826181412,0.696364164352417,0.7427547574043274,-0.0017737820744514465,0.709607720375061,0.6755326986312866,-0.014761405065655708,0.7143617272377014,0.6370648145675659,-0.028634192422032356,0.7204099893569946,0.5966700911521912,-0.04037278890609741,0.7211388349533081,0.7600422501564026,-0.005068764556199312,0.7372890114784241,0.6847396492958069,-0.016609368845820427,0.741823136806488,0.6408361792564392,-0.02960159257054329,0.7468650937080383,0.5935744047164917,-0.04081280529499054,0.7405324578285217,0.7913718819618225,-0.01175797637552023,0.7598069906234741,0.7204828262329102,-0.024495167657732964,0.7640842795372009,0.6783679127693176,-0.03405602648854256,0.764511227607727,0.6355862617492676,-0.04150674119591713,0.7569640874862671,0.837112545967102,-0.020413532853126526,0.7732896208763123,0.7806241512298584,-0.032765552401542664,0.7766960263252258,0.7422100305557251,-0.03961744159460068,0.7752438187599182,0.7027477622032166,-0.044844068586826324,hello
0.6820344924926758,0.9558618664741516,-4.2501731911670504e-08,0.6558826565742493,0.8774653077125549,-0.014364613220095634,0.6460061073303223,0.7955700159072876,-0.022551806643605232,0.6540179252624512,0.7303997874259949,-0.03099028579890728,0.6707179546356201,0.6821646094322205,-0.03868912160396576,0.6933192014694214,0.7324309945106506,-0.0026475531049072742,0.7072489857673645,0.6662417054176331,-0.0156007194891572,0.7123406529426575,0.6285336017608643,-0.029170308262109756,0.7178713083267212,0.5891900658607483,-0.04046688228845596,0.7191105484962463,0.7483720183372498,-0.0057304129004478455,0.7350926399230957,0.6751323938369751,-0.01687624864280224,0.7393365502357483,0.6320849657058716,-0.028960062190890312,0.7434825301170349,0.5860744118690491,-0.03926265239715576,0.7400893568992615,0.7792085409164429,-0.012094489298760891,0.7585507035255432,0.7075596451759338,-0.02424246072769165,0.7616639137268066,0.6644232869148254,-0.032949261367321014,0.760816216468811,0.6224598288536072,-0.03955496847629547,0.7585165500640869,0.8248810768127441,-0.020325426012277603,0.7741761803627014,0.7652444839477539,-0.03225609287619591,0.7772590517997742,0.7251091599464417,-0.038668811321258545,0.775749921798706,0.6855852007865906,-0.0432291105389595,hello
